institucionUltimoEstudio,equivalencia,cantidad,igual
,,191,TRUE
"""Instituto Sise""",Instituto Superior Sise,1,FALSE
* Instituto Superior Tecnologico Privado Cepea,"Instituto Superior Tecnologico ""Cepea""",1,FALSE
.,,3,FALSE
1To1,1To1,2,TRUE
3 Dev,3 Dev,2,TRUE
3Dev Business Consulting Sac(Scrum.Org),3Dev Business Consulting Sac(Scrum.Org),1,TRUE
6Sigma Study,6Sigma Study,4,TRUE
6Sigmastudy,6Sigma Study,2,FALSE
Abaccus,Abaccus,1,TRUE
Abaco,Instituto De Educacion Superior Abaco,3,FALSE
Ac Enginering/Electronets C.A,Ac Enginering/Electronets C.A,6,TRUE
Academia Internacional Swat,Academia Internacional Swat,1,TRUE
Academia Moviles,Academia Moviles,1,TRUE
Academia Project Now,Academia Project Now,1,TRUE
Academiamoviles,Academia Moviles,5,FALSE
Academias Moviles,Academia Moviles,3,FALSE
Academico Tecnicas- Cp,Academico Tecnicas- Cp,2,TRUE
Acamica,Acamica,1,TRUE
Acide (Asociacion Civil De Investigacion Para El Desarrollo Y La Empresa.,Acide (Asociacion Civil De Investigacion Para El Desarrollo Y La Empresa.,1,TRUE
Acpb Britanico,Asociacion Cultural Peruano Britanica,1,FALSE
Acronis Cyberfit Academy,Acronis Cyberfit Academy,2,TRUE
Acti Sac,Acti Sac,3,TRUE
Adex,Instituto Adex,3,FALSE
Adex Educacion Continua,Instituto Adex,1,FALSE
Adph,Adph Consultores,1,FALSE
Adph Consultores,Adph Consultores,1,TRUE
Aduanec,Aduanec,1,TRUE
Aenor,Aenor Peru,1,FALSE
Aenor Peru,Aenor Peru,1,TRUE
Agile Wise,Agile Wise Corp.,1,FALSE
Agile Wise Corp.,Agile Wise Corp.,1,TRUE
Ajys,Ajys,1,TRUE
Alejandro Internacional\Replica Vicente Rocafuerte,Alejandro Internacional\Replica Vicente Rocafuerte,1,TRUE
Alianza Francesa De Lima,Alianza Francesa De Lima,2,TRUE
Alicorp,Alicorp,1,TRUE
Alison,Alison,1,TRUE
Almirante Grau,Instituto Superior Tecnologico Almirante Miguel Grau,1,FALSE
Alura Latam,Alura Latam,1,TRUE
Amazon Web Service,Amazon Web Services,3,FALSE
Amazon Web Services,Amazon Web Services,1,TRUE
American Institute,American Institute,1,TRUE
"Andrew Ng, Coursera","Andrew Ng, Coursera",1,TRUE
Anhanguera Sao Bernardo Do Campo,Anhanguera Sao Bernardo Do Campo,1,TRUE
Apecose,Apecose,1,TRUE
Apem,Apem,1,TRUE
Apersoft,Apersoft,1,TRUE
Area 51,Area 51 Training Center,1,FALSE
Area 51 Training Center,Area 51 Training Center,1,TRUE
Area51 Training Center,Area 51 Training Center,1,FALSE
Asbanc,Asbanc,1,TRUE
Asociacion Automotriz Del Peru,Asociacion Automotriz Del Peru,1,TRUE
Asociacion Cultural Peruano Britanica,Asociacion Cultural Peruano Britanica,20,TRUE
Asociacion Peruana De Estudiantes De Marketing,Asociacion Peruana De Estudiantes De Marketing,1,TRUE
Asopdes Hekal,Asopdes Hekal,1,TRUE
Atlantic International University,Atlantic International University,1,TRUE
Auraportal Training School (Bpm),Auraportal Training School (Bpm),2,TRUE
Autodesk Curses,Autodesk Curses,1,TRUE
Autodidacta,Autodidacta,1,TRUE
Autonoma Del Peru,Universidad Autonoma Del Peru,1,FALSE
Autoprocesos,Autoprocesos,2,TRUE
Autotec Peru Corporation S.A.C,Autotec Peru Corporation S.A.C,1,TRUE
Avansys,Instituto Cibertec,2,FALSE
Avansys - Cibertec,Instituto Cibertec,1,FALSE
Avior Airlines,Avior Airlines,2,TRUE
Aws,Amazon Web Services,1,FALSE
Aws Certified,Amazon Web Services,1,FALSE
Aws Education,Amazon Web Services,1,FALSE
Aws University,Amazon Web Services,1,FALSE
Axelo,Axelos,1,FALSE
Axelos,Axelos,3,TRUE
Axelos Global Best Practice,Axelos,2,FALSE
"Axelos, Pmc",Axelos,1,FALSE
B.Soft,B.Soft,1,TRUE
Bda Bigdata Academy,Big Data Academy Peru,1,FALSE
Be Cert,Be Cert,1,TRUE
Beihang University,Beihang University,1,TRUE
Bertrand Rusell,Bertrand Rusell,1,TRUE
Bi64Pro,Bi64Pro,1,TRUE
Big Data Academy,Big Data Academy Peru,3,FALSE
Big Data Academy Peru,Big Data Academy Peru,2,TRUE
Bigdata Academy,Big Data Academy Peru,1,FALSE
Bitel,Bitel,1,TRUE
Boston University,Boston University,1,TRUE
Brigham Young University - Idaho,Brigham Young University - Idaho,1,TRUE
Britanico,Asociacion Cultural Peruano Britanica,5,FALSE
British Academy,British Academy,1,TRUE
Brother Escuela De Creativos,Brother Escuela De Creativos,1,TRUE
Bs Group,Bs Group,1,TRUE
Bs Grupo,Bs Group,10,FALSE
Bsg Instiitute,Bsg Institute,1,FALSE
Bsg Institude,Bsg Institute,2,FALSE
Bsg Institute,Bsg Institute,12,TRUE
Bsgroup,Bs Group,1,FALSE
Bsgrupo,Bs Group,3,FALSE
Bsp,Bsp,1,TRUE
Bureau Veritas Quality International,Bureau Veritas Quality International,1,TRUE
C.U. De Caracas,C.U. De Caracas,2,TRUE
C.U. Fermin Toro,C.U. Fermin Toro,1,TRUE
Cabos - Gestion Humana Y Empresarial,Cabos - Gestion Humana Y Empresarial,2,TRUE
Cac-Ti,Cac-Ti,6,TRUE
Cac-Ti - Mentoris - Arcitura Soapcp,Cac-Ti,2,FALSE
Calidad Conceptos,Calidad Conceptos,2,TRUE
Camara De Comercio,Camara De Comercio,3,TRUE
Camara De Comercio De Lima,Camara De Comercio De Lima,18,TRUE
Camara De Comercio Del Peru,Camara De Comercio Del Peru,3,TRUE
Camara De Comercio Empresarial,Camara De Comercio Empresarial,3,TRUE
Camara De Comercio Exterior,Camara De Comercio Exterior,2,TRUE
Camara De Comercio Nacional,Camara De Comercio Nacional,1,TRUE
Camara De Negocios Del Peru,Camara De Negocios Del Peru,1,TRUE
Camara Del Comercio Del Peru,Camara Del Comercio Del Peru,1,TRUE
Camara Latimoamericana De Comercio,Camara Latimoamericana De Comercio,1,TRUE
Camara Nacional De Comercio Del Peru,Camara Nacional De Comercio Del Peru,4,TRUE
Camara Nacional Del Comercio,Camara Nacional De Comercio Del Peru,1,FALSE
Camara Nacional Del Comercio Del Peru,Camara Nacional De Comercio Del Peru,1,FALSE
Camara Peruana De Comercio Exterior,Camara Peruana De Comercio Exterior,2,TRUE
Camara Peruana De Las Industrias,Camara Peruana De Las Industrias,1,TRUE
Camara Peruana De Sst,Camara Peruana De Sst,2,TRUE
Camarade Comercio Exterior,Camara Peruana De Comercio Exterior,2,FALSE
Cambridge International Consulting,Cambridge International Consulting,1,TRUE
Came,Came,1,TRUE
Camex,Camex,3,TRUE
Campus Innova Traning,Campus Innova Traning,1,TRUE
Campus Romero,Campus Virtual Romero,2,FALSE
Campus Virtual Romero,Campus Virtual Romero,3,TRUE
Campusmvp,Campusmvp,2,TRUE
Canvia,Canvia,1,TRUE
Capacity,Capacity Academy Mx,1,FALSE
Capacity Academy Mx,Capacity Academy Mx,5,TRUE
Cape Breton University,Cape Breton University,1,TRUE
Capedu,Capedu,1,TRUE
Carbono 14,Carbono 14,1,TRUE
Carnegie Mellon University (Pa),Carnegie Mellon University (Pa),1,TRUE
Catalina Buendia De Pecho,Catalina Buendia De Pecho,1,TRUE
Caterpillar Financial,Caterpillar Financial,1,TRUE
Catolica Sedes Sapientiae,Universidad Catolica Sedes Sapientiae,1,FALSE
Ccance,Ccance,2,TRUE
Ccbp - Centro Cultural Brasil - Peru,Ccbp - Centro Cultural Brasil - Peru,1,TRUE
Ccl - Educa Webinar,Ccl - Educa Webinar,1,TRUE
Ceadem,Ceadem,2,TRUE
Ceam,Ceam,1,TRUE
Cecitel - Especialistas En Capacitacion Telefonica,Cecitel - Especialistas En Capacitacion Telefonica,2,TRUE
Cedhinfo,Cedhinfo,5,TRUE
Ceglo,Ceglo,3,TRUE
Celeritech,Celeritech,3,TRUE
Cenap - Centro Nacional De Administracion Publica,Cenap - Centro Nacional De Administracion Publica,1,TRUE
Cenap - Peru,Cenap - Centro Nacional De Administracion Publica,1,FALSE
Centennial College,Centennial College,1,TRUE
Centre For Development In Advanced Computing,Centre For Development In Advanced Computing,2,TRUE
Centro,Centro,1,TRUE
Centro Cultural De La Lengua Portuguesa,Centro Cultural De La Lengua Portuguesa,1,TRUE
Centro Cultural De La Pontificia Universidad Catolica,Centro Cultural De La Pontificia Universidad Catolica,5,TRUE
Centro De Capacitacion - Gruporppsac,Centro De Capacitacion - Gruporppsac,6,TRUE
Centro De Capacitacion Empresarial - Ccl,Centro De Capacitacion Empresarial - Ccl,1,TRUE
Centro De Capacitacion Y Educacion Continua Fide,Centro De Capacitacion Y Educacion Continua Fide,1,TRUE
Centro De Educacion Continua Pucp,Centro De Educacion Continua Pucp,1,TRUE
Centro De Entrenamiento Tecnico De Logistica - Cetlog,Centro De Entrenamiento Tecnico De Logistica - Cetlog,1,TRUE
Centro De Estudios Cgi - Gestion E Innovacion,Cgi Gestion E Innovacion,1,FALSE
Centro De Estudios Empresariales,Centro De Estudios Empresariales,1,TRUE
Centro De Estudios Profesionales,Centro De Estudios Profesionales,1,TRUE
Centro De Extension Fiis Unmsm,Centro De Extension Fiis Unmsm,8,TRUE
Centro De Formacion Cice,Centro De Formacion Cice,6,TRUE
Centro De Formacion En Turismo - Cenfotur,Centro De Formacion En Turismo - Cenfotur,5,TRUE
Centro De Idiomas De La Universidad Del Pacifico,Centro De Idiomas De La Universidad Del Pacifico,6,TRUE
Centro De Idiomas De La Unv San Martin De Porres,Centro De Idiomas De La Unv San Martin De Porres,1,TRUE
Centro De Idiomas Eurocenter - Huacho,Centro De Idiomas Eurocenter - Huacho,1,TRUE
Centro De Idiomas Unajma,Centro De Idiomas Unajma,1,TRUE
Centro De Idiomas Usil - Cambridge,Centro De Idiomas Usil - Cambridge,1,TRUE
Centro De Instruccion Fotografica,Centro De Instruccion Fotografica,1,TRUE
Centro De Investigacion De Recursos Humanos (Cirh),Centro De Investigacion De Recursos Humanos (Cirh),1,TRUE
Centro De Sistemas Y Negocios,Centro De Sistemas Y Negocios,1,TRUE
Centro Gold Sap Partner,Centro Gold Sap Partner,3,TRUE
Centro Iberamericano De Capacitacion Profesional,Centro Iberamericano De Capacitacion Profesional,2,TRUE
Centro Peruano De Estudios Gubernamentales,Centro Peruano De Estudios Gubernamentales,1,TRUE
Centro Pre Universitario - Uni,Centro Pre Universitario - Uni,1,TRUE
Centro Sap,Centro Sap,1,TRUE
Centro Tecnologico Minero,Centro Tecnologico Minero,2,TRUE
Centro Universitario De Ciencias Economico Administrativas,Centro Universitario De Ciencias Economico Administrativas,1,TRUE
Centro-Partner Oficial De Sap En Peru,Centro-Partner Oficial De Sap En Peru,1,TRUE
Centrum,Centrum Pucp,21,FALSE
Centrum - Catolica,Centrum Pucp,1,FALSE
Centrum - Universidad Catolica,Centrum Pucp,1,FALSE
Centrum Business School,Centrum Pucp,2,FALSE
Centrum Catolica,Centrum Pucp,7,FALSE
Centrum Catolica Business School,Centrum Pucp,1,FALSE
Centrum Graduate Business School,Centrum Pucp,1,FALSE
Centrum Pontificia Universidad Catolica Del Peru,Centrum Pucp,2,FALSE
Centrum- Pontificia Universidad Catolica Del Peru,Centrum Pucp,1,FALSE
Centrum Pucp,Centrum Pucp,4,TRUE
Centrum- Universidad Catolica Del Peru,Centrum Pucp,1,FALSE
Ceo Academy,Ceo Academy,1,TRUE
Cepd,Cepd,1,TRUE
Cepea,"Instituto Superior Tecnologico ""Cepea""",2,FALSE
Cepeban - Centro Peruano De Estudios Bancarios,Cepeban - Centro Peruano De Estudios Bancarios,2,TRUE
Ceps - Uni,Ceps Uni,3,FALSE
Ceps Uni,Ceps Uni,2,TRUE
Ceps Uni - Centro De Extension Y Proyeccion...,Ceps Uni,1,FALSE
Ceps-Uni,Ceps Uni,1,FALSE
Cerem Business School,Cerem Business School,1,TRUE
Cerseu,Cerseu,1,TRUE
Certero,Certero Peru,8,FALSE
Certero Peru,Certero Peru,2,TRUE
Certi,Certi,2,TRUE
Certiport,Certiport,1,TRUE
Certiprof,Certiprof,45,TRUE
"Certiprof, Llc",Certiprof,1,FALSE
Certus,Instituto De Educacion Superior Privado Certus,8,FALSE
Cesap Altos Estudios,Cesap Altos Estudios,4,TRUE
Cesar Vallejo,Universidad Cesar Vallejo,1,FALSE
Cesca,Instituto De Educacion Superior Tecnologico Cesca,15,FALSE
Ceti,Ceti,1,TRUE
Cetpro Artesanal Santa Luzmila,Cetpro Artesanal Santa Luzmila,2,TRUE
Cetpro Peruano Canadiense,Cetpro Peruano Canadiense,1,TRUE
Cetrum Pucp,Centrum Pucp,1,FALSE
Ceujap,Ceujap,2,TRUE
Ceupe,Ceupe,1,TRUE
Cevatec,Cevatec,1,TRUE
Cevatur Peru,Cevatur Peru,1,TRUE
Cfa Institute,Cfa Institute,1,TRUE
Cgi,Cgi Gestion E Innovacion,1,FALSE
Cgi - Gestion Y Sistemas,Cgi Gestion E Innovacion,1,FALSE
Cgi Gestion E Innovacion,Cgi Gestion E Innovacion,2,TRUE
Cgi Peru,Cgi Gestion E Innovacion,1,FALSE
Chamonix Consultoria Y Proyectos Sac,Chamonix Consultoria Y Proyectos Sac,1,TRUE
Chio Lecca Instituto De Diseno De Moda,Chio Lecca Instituto De Diseno De Moda,1,TRUE
Cibertec,Instituto Cibertec,222,FALSE
Cicex,Cicex,1,TRUE
Ciesam-Uni,Ciesam-Uni,2,TRUE
Cimas,Instituto Superior Tecnologico Cimas,4,FALSE
Cip,Colegio De Ingenieros Del Peru,2,FALSE
"Cipsa, Centro De Estudios Informatica, Barcelona","Cipsa, Centro De Estudios Informatica, Barcelona",3,TRUE
Circulo Sistemico Emocional,Circulo Sistemico Emocional,1,TRUE
Cis - Sap Partner,Cis - Sap Partner,1,TRUE
Cisco,Cisco Networking Academy,3,FALSE
Cisco - Networking Academy,Cisco Networking Academy,2,FALSE
Cisco Netacad,Cisco Networking Academy,1,FALSE
Cisco Networking Academy,Cisco Networking Academy,4,TRUE
Cisco Systems,Cisco Networking Academy,1,FALSE
Cjava,Cjavaperu,4,FALSE
Cjavaperu,Cjavaperu,1,TRUE
Clinica De Agilidad,Clinica De Agilidad,1,TRUE
Clinica Ricardo Palma,Clinica Ricardo Palma,1,TRUE
Club De Teatro De Lima,Club De Teatro De Lima,1,TRUE
Codecademy,Codecademy,1,TRUE
Coder House,Coderhouse,2,FALSE
Coderhouse,Coderhouse,10,TRUE
Codigo Tecsup,Codigo Tecsup,1,TRUE
Cognos,Cognos,1,TRUE
Colectivo 23,Colectivo 23,1,TRUE
Colegiado Ing. En Sistemas,Colegio De Ingenieros Del Peru,1,FALSE
Colegio De Abogados Del Callao,Colegio De Abogados Del Callao,2,TRUE
Colegio De Arquitectos Del Peru,Colegio De Arquitectos Del Peru,1,TRUE
Colegio De Contadores De Piura,Colegio De Contadores De Piura,1,TRUE
Colegio De Economista De Ayacucho,Colegio De Economista De Ayacucho,1,TRUE
Colegio De Economistas De La Libertad,Colegio De Economistas De La Libertad,1,TRUE
Colegio De Ingeniero Del Peru,Colegio De Ingenieros Del Peru,1,FALSE
Colegio De Ingenieros Cd Lambayeque,Colegio De Ingenieros Del Peru,1,FALSE
Colegio De Ingenieros De Lima,Colegio De Ingenieros Del Peru,2,FALSE
Colegio De Ingenieros Del Peru,Colegio De Ingenieros Del Peru,17,TRUE
Colegio De Ingenieros Del Peru - Consejo Departamental De Lima,Colegio De Ingenieros Del Peru,1,FALSE
Colegio De Ingenieros Del Peru-Cdl Ip,Colegio De Ingenieros Del Peru,1,FALSE
Colegio De Ingenieros Del Peu,Colegio De Ingenieros Del Peru,3,FALSE
Colegio De Ingenierosdel Peru,Colegio De Ingenieros Del Peru,1,FALSE
Colegio De Licenciados En Administracion-Corlad,Colegio De Licenciados En Administracion-Corlad,1,TRUE
Colegio De Periodistas De Lima,Colegio De Periodistas De Lima,1,TRUE
Colegio De Trabajadores Sociales Del Peru,Colegio De Trabajadores Sociales Del Peru,1,TRUE
Columbia,Columbia - Escuela Hotelera Y Alta Cocina,1,FALSE
Columbia - Escuela Hotelera Y Alta Cocina,Columbia - Escuela Hotelera Y Alta Cocina,1,TRUE
Columbia University,Columbia University,1,TRUE
Compueducacion,Compueducacion,1,TRUE
Computronic,Computronic,8,TRUE
Comunidad Andina,Comunidad Andina,1,TRUE
Comunidad De La Univ. Continental Pmi.,Comunidad De La Univ. Continental Pmi.,1,TRUE
Comunidad Independiente,Comunidad Independiente,1,TRUE
Concordia University (Montreral-Canada)),Concordia University (Montreral-Canada)),1,TRUE
Conmebol,Conmebol,1,TRUE
Consulting Group - Proaptivo,Consulting Group - Proaptivo,1,TRUE
Contacta Gestores,Contacta Gestores,1,TRUE
Contadores Del Peru,Contadores Del Peru,1,TRUE
Contexto Dbt,Contexto Dbt,1,TRUE
Copc Inc. Certification,Copc Inc. Certification,1,TRUE
Core Consultores,Core Consultores,1,TRUE
Corporacion Fonafe,Corporacion Fonafe,1,TRUE
Corporacion Sapia,Corporacion Sapia,2,TRUE
Corriente Alterna - Escuela Superior De Bellas Artes,Corriente Alterna - Escuela Superior De Bellas Artes,3,TRUE
Cosapi Data,Cosapi Data,4,TRUE
Coursea: Pontifica Universidad Catolica De Chile,Coursera,1,FALSE
Coursera,Coursera,4,TRUE
Coursera-Amazon,Coursera,4,FALSE
Crehana,Crehana,9,TRUE
Crehana - Utec,Crehana,1,FALSE
Creser Latinoamerica,Creser Latinoamerica,1,TRUE
Ct Brasil,Ct Brasil,1,TRUE
Ctic - Uni,Ctic Uni,5,FALSE
Ctic Uni,Ctic Uni,2,TRUE
Ctic-Uni,Ctic Uni,1,FALSE
Cuartel De Ventas,Cuartel De Ventas,1,TRUE
Cuerpo General De Bomberos Voluntarios Del Peru,Cuerpo General De Bomberos Voluntarios Del Peru,1,TRUE
Curso Por Empresa Viajes Pacificos Sac,Curso Por Empresa Viajes Pacificos Sac,1,TRUE
Curso Por Internet,Curso Por Internet,1,TRUE
Cursos Contables Peru,Cursos Contables Peru,1,TRUE
Cursos Udemy,Udemy,4,FALSE
Data Consulting Sac,Data Consulting Sac,4,TRUE
Data Mining Consulting,Dmc - Data Mining Consulting,9,FALSE
Data Mining Consulting Peru,Dmc - Data Mining Consulting,1,FALSE
Datacamp,Datacamp,2,TRUE
Datux,Datux,3,TRUE
Db Learner,Db Learner,1,TRUE
Deeplearning.Ai,Deeplearning.Ai,2,TRUE
Desarrollo Global,Desarrollo Global,1,TRUE
Devops Institute,Devops Institute,1,TRUE
Dharma Consulting,Dharma Consulting,9,TRUE
Dharma Consulting.,Dharma Consulting,4,FALSE
Diez Talentos,Diez Talentos,1,TRUE
Digital Brand Peru,Digital Brand Peru,1,TRUE
Diplomados Rebagliati,Diplomados Rebagliati,2,TRUE
Director Global,Director Global,1,TRUE
Discovey Fast,Discovey Fast,4,TRUE
Disenador Web / Grafico,Disenador Web / Grafico,1,TRUE
Dmc,Dmc - Data Mining Consulting,6,FALSE
Dmc - Data Mining Consulting,Dmc - Data Mining Consulting,2,TRUE
Dmc Consulting,Dmc - Data Mining Consulting,2,FALSE
Dmc Peru,Dmc - Data Mining Consulting,3,FALSE
Domestika,Domestika,1,TRUE
Dragonjar,Dragonjar,1,TRUE
Eada,Eada Business School,1,FALSE
Eada - Barcelona,Eada Business School,1,FALSE
Eada - Business School Barcelona,Eada Business School,1,FALSE
Eada Business School,Eada Business School,5,TRUE
Eada Business School Barcelona,Eada Business School,7,FALSE
Eada Business School-Barcelona,Eada Business School,1,FALSE
Eae Business School,Eada Business School,8,FALSE
Eae Business School - Universidad Rey Juan Carlos,Eada Business School,1,FALSE
Ealde,Ealde Business School,1,FALSE
Ealde Business School,Ealde Business School,2,TRUE
Ebd,Ebd,2,TRUE
Ec Dublin School,Ec Dublin School,1,TRUE
Eco Consultores,Eco Consultores,1,TRUE
Ed Team,Ed Team,1,TRUE
Eddis,Eddis,1,TRUE
Educacionit,Educacionit,1,TRUE
Educorp,Educorp,1,TRUE
Edutin Academy,Edutin Academy,1,TRUE
Edutronic,Edutronic Global Service,2,FALSE
Edutronic Global Service,Edutronic Global Service,1,TRUE
Ehsq Group,Ehsq Group,1,TRUE
Elearning &Amp; Certificaciones Itc,Elearning &Amp; Certificaciones Itc,2,TRUE
Electrotec,Electrotec,2,TRUE
Emprendedores Usil,Emprendedores Usil,1,TRUE
Enace,Enace,1,TRUE
Enad - Escuela Nacional De Direccion Y Gerencia,Enad - Escuela Nacional De Direccion Y Gerencia,1,TRUE
Enamm (Escuela Nacional De La Mariana Mercante,Enamm (Escuela Nacional De La Mariana Mercante,1,TRUE
Encape,Encape,1,TRUE
Eneb,Eneb,1,TRUE
Enei,Enei,1,TRUE
Energy Control Systems,Energy Control Systems,2,TRUE
Enforsa,Enforsa,1,TRUE
Engine Tech,Engine Tech,1,TRUE
Enterprice Group,Enterprice Group,3,TRUE
Entrenamiento Certero,Entrenamiento Certero Institute,2,FALSE
Entrenamiento Certero Institute,Entrenamiento Certero Institute,1,TRUE
Eobs - Universidad Rey Juan Carlos De Espana,Eobs - Universidad Rey Juan Carlos De Espana,2,TRUE
Eoi - Escuela De Negocios - Espana,Eoi - Escuela De Negocios - Espana,1,TRUE
Eoi | Escuela De Organizacion Industrial,Eoi | Escuela De Organizacion Industrial,1,TRUE
Ep Neumann: Escuela De Postgrado,Ep Neumann: Escuela De Postgrado,1,TRUE
Epe - Upc (Universidad De Ciencias Aplicadas),Epe - Upc (Universidad De Ciencias Aplicadas),1,TRUE
Equilibrium Financiero,Equilibrium Financiero,1,TRUE
Ericsson,Ericsson,1,TRUE
Esan,Universidad Esan,45,FALSE
Esan / Carlos Iii Espana,Universidad Esan,1,FALSE
Esan Graduate School Of Business,Universidad Esan,2,FALSE
Esan-La Salle Universidad Ramon Llull,Universidad Esan,1,FALSE
Escola Politecnica Da Universidade De Sao Paulo,Escola Politecnica Da Universidade De Sao Paulo,1,TRUE
Escuela America De Innovacion,Escuela America De Innovacion,1,TRUE
Escuela De Abogados De La Libertad,Escuela De Abogados De La Libertad,1,TRUE
Escuela De Arte Digital - Ead,Escuela De Arte Digital - Ead,1,TRUE
Escuela De Auditores Del Peru,Escuela De Auditores Del Peru,1,TRUE
Escuela De Couching Integral Peru,Escuela De Couching Integral Peru,3,TRUE
Escuela De Diseno Grafico Y Comunicacion Publicitaria &Quot;Esantec&Quot;,Escuela De Diseno Grafico Y Comunicacion Publicitaria &Quot;Esantec&Quot;,1,TRUE
Escuela De Edicion De Lima,Escuela De Edicion De Lima,1,TRUE
Escuela De Empresa,Escuela De Empresa,1,TRUE
Escuela De Empresas De Lima,Escuela De Empresas De Lima,1,TRUE
Escuela De Formacion Contable &Amp; Negocios,Escuela De Formacion Contable &Amp; Negocios,1,TRUE
Escuela De Gestion Y Economia Gerens,Escuela De Gestion Y Economia Gerens,4,TRUE
Escuela De Gobierno Y Politicas Publicas De La Pucp,Escuela De Gobierno Y Politicas Publicas De La Pucp,1,TRUE
Escuela De Ingenieria De Senati,Senati,1,FALSE
Escuela De Marketing,Escuela De Marketing,1,TRUE
Escuela De Negocios Eoi,Escuela De Negocios Eoi,5,TRUE
Escuela De Negocios Gesap,Escuela De Negocios Gesap,1,TRUE
Escuela De Negocios Zegel Ipae,Instituto Peruano De Accion Empresarial - Ipae,1,FALSE
Escuela De Periodismo Jaime Bauzate Y Meza,Universidad Jaime Bausate Y Meza,2,FALSE
Escuela De Posgrado Newman,Escuela De Posgrado Newman,2,TRUE
Escuela De Post Grado - Universidad San Ignacio De Loyola,Escuela De Post Grado - Universidad San Ignacio De Loyola,15,TRUE
Escuela De Post Grado - Universidad Tecnologica Del Peru,Escuela De Post Grado - Universidad Tecnologica Del Peru,4,TRUE
Escuela De Post Grado Utp,Escuela De Post Grado - Universidad Tecnologica Del Peru,1,FALSE
Escuela De Post Grado-Upc,Escuela De Post Grado - Universidad Tecnologica Del Peru,1,FALSE
Escuela De Postgrado,Escuela De Postgrado,1,TRUE
Escuela De Postgrado De La Upc,Escuela De Postgrado Upc,1,FALSE
Escuela De Postgrado Upc,Escuela De Postgrado Upc,4,TRUE
Escuela De Postgrado Utp,Escuela De Post Grado - Universidad Tecnologica Del Peru,1,FALSE
Escuela De Recursos Humanos,Escuela De Recursos Humanos - Erh,2,FALSE
Escuela De Recursos Humanos - Erh,Escuela De Recursos Humanos - Erh,1,TRUE
Escuela De Talento Humano,Escuela De Talento Humano,1,TRUE
Escuela Empresarial Del Peru,Escuela Empresarial Del Peru - Esep,6,FALSE
Escuela Empresarial Del Peru - Esep,Escuela Empresarial Del Peru - Esep,1,TRUE
Escuela Internacional De Aduanas Y Logistica,Escuela Internacional De Aduanas Y Logistica,1,TRUE
Escuela Internacional De Gerencia Eiger,Escuela Internacional De Gerencia Eiger,5,TRUE
Escuela Internacional De Gestion De Proyectos,Escuela Internacional De Gestion De Proyectos,1,TRUE
Escuela Internacional En Tecnologia Profesional Geg Corporation.,Escuela Internacional En Tecnologia Profesional Geg Corporation.,1,TRUE
Escuela John Hopkins,Escuela John Hopkins,1,TRUE
Escuela Nacional De Administracion Pubica,Escuela Nacional De Administracion Pubica,2,TRUE
Escuela Nacional De Archiveros,Escuela Nacional De Archiveros,1,TRUE
Escuela Nacional De Control Cgr,Escuela Nacional De Control Cgr,1,TRUE
Escuela Nacional De Estudios Gubernamentales,Escuela Nacional De Estudios Gubernamentales,2,TRUE
Escuela Peruana De Gestion Empresarial,Escuela Peruana De Gestion Empresarial,1,TRUE
Escuela Posgrado Continental,Escuela Posgrado Continental,1,TRUE
Escuela Superior De Marketing Adv Peru,Escuela Superior De Marketing Adv Peru,1,TRUE
Escuela Superior Politecnica De Chimborazo,Escuela Superior Politecnica De Chimborazo,1,TRUE
Escuela Superior Politecnica Del Litoral,Escuela Superior Politecnica Del Litoral,2,TRUE
Esic,Esic,3,TRUE
Esic Business &Amp; Marketing School,Esic,2,FALSE
Eucim Business School,Eucim Business School,1,TRUE
Eucim Business School - Espana,Eucim Business School,1,FALSE
Eude Business School,European Business Schools - Eude,1,FALSE
Euroidiomas,Euroidiomas,2,TRUE
European Business Schools - Eude,European Business Schools - Eude,1,TRUE
Europeanscrum.Org,Europeanscrum.Org,1,TRUE
Evangelische Hochschule Ludwigsburg,Evangelische Hochschule Ludwigsburg,2,TRUE
Everis,Everis,1,TRUE
Excelencia Humana,Excelencia Humana,1,TRUE
Exes,Exes,2,TRUE
Exin,Exin,8,TRUE
Experto Luis Duenas,Experto Luis Duenas,1,TRUE
Extranjero,Extranjero,1,TRUE
F&Amp;M Consulting,F&Amp;M Consulting,1,TRUE
Fabrica De Fibra Optica Parks,Fabrica De Fibra Optica Parks,1,TRUE
Facultad De Ciencias Sociales E.A.P. De Trabajo Social,Facultad De Ciencias Sociales E.A.P. De Trabajo Social,1,TRUE
Fastlane,Fastlane,1,TRUE
Fide - Universidad Nacional Mayor De San Marcos,Fide - Universidad Nacional Mayor De San Marcos,1,TRUE
Florida Insternational University,Florida International University,1,FALSE
Florida International University,Florida International University,2,TRUE
Formatec,Formatec,1,TRUE
Formatica Sac,Formatica Sac,1,TRUE
Formativa,Formativa,2,TRUE
Fortinet,Fortinet,1,TRUE
Freecodecamp,Freecodecamp,1,TRUE
Fundacao Getulio Vargas - Fgv,Fundacao Getulio Vargas - Fgv,1,TRUE
Fundacion Carlos Slim,Fundacion Carlos Slim,6,TRUE
Fundacion Movistar,Fundacion Movistar,2,TRUE
Fundacion Proem,Fundacion Proem,1,TRUE
Fundacion Romero,Fundacion Romero,3,TRUE
Fundacion San Marcos,Fundacion San Marcos,11,TRUE
Fundacion Telefonica,Fundacion Telefonica,4,TRUE
Fundacion Universitaria Claretiana,Fundacion Universitaria Claretiana,1,TRUE
Fundacion Universitaria Los Libertadores,Fundacion Universitaria Los Libertadores,1,TRUE
Fundet,Fundet,1,TRUE
Gaceta Laboral,Gaceta Laboral,2,TRUE
Galaxy Training,Galaxy Training,13,TRUE
Galaxy Training - Peru,Galaxy Training,1,FALSE
Gamor,Gamor,2,TRUE
General Assembly,General Assembly,1,TRUE
Gesap,Gesap,6,TRUE
Gescam - Consultores Asociados Sac,Gescam - Consultores Asociados Sac,1,TRUE
Global Hitss,Global Hitss,1,TRUE
Global Institute,Global Institute,1,TRUE
Global Lynx,Global Lynx,1,TRUE
Global Project Management,Global Project Management,7,TRUE
Global Project Manager,Global Project Manager,1,TRUE
Global Trust Association,Global Trust Association,1,TRUE
Gmd,Gmd,2,TRUE
Gmd S.A.,Gmd,1,FALSE
Google,Google,27,TRUE
Google - Iab Spain (Interactive Advertising Bureau),Google,1,FALSE
Google Activate,Google,5,FALSE
Google Active,Google,1,FALSE
Google Career Certificates,Google,1,FALSE
Google Cloud Training - Coursera,Google,1,FALSE
Google.Inc,Google,2,FALSE
Grap Peru Sac,Grap Peru Sac,1,TRUE
Grupo Carso,Grupo Carso,14,TRUE
Grupo E Y K,Grupo E Y K,1,TRUE
Grupo Emprender,Grupo Emprender,2,TRUE
Grupo Idat,Instituto Superior Tecnologico Idat,1,FALSE
Grupo Lider World,Grupo Lider World,1,TRUE
Grupo Proyecta,Grupo Proyecta,1,TRUE
Grupo Romero,Grupo Romero,3,TRUE
Grupo San Ignacio De Loyola,Grupo San Ignacio De Loyola,1,TRUE
Grupo Sba,Grupo Sba,1,TRUE
Harvard Business School,Harvard Business School,1,TRUE
Harvard On Line,Harvard On Line,1,TRUE
Harvard University (Harvardx),Harvard University (Harvardx),1,TRUE
Harvard University (Ma),Harvard University (Harvardx),4,FALSE
Hekal,Hekal,1,TRUE
Herramientas De Gestion Protocolar,Herramientas De Gestion Protocolar,1,TRUE
High Service,High Service,2,TRUE
Holberton,Holberton School,1,FALSE
Holberton School,Holberton School,1,TRUE
Huawei,Huawei,1,TRUE
Hubspot Academy,Hubspot Academy,1,TRUE
Hult International Business School,Hult International Business School,1,TRUE
I.E.S.T.P Gilda Ballivian Rosado,I.E.S.T.P Gilda Ballivian Rosado,2,TRUE
I.S. T. Cibertec (Titulado),Instituto Cibertec,1,FALSE
I.S. T. P. Computronic,I.S. T. P. Computronic,1,TRUE
I.S.T. Abaco,Instituto De Educacion Superior Abaco,4,FALSE
I.S.T. Cesca,Instituto De Educacion Superior Tecnologico Cesca,1,FALSE
I.S.T. Mastertech,I.S.T. Mastertech,1,TRUE
I.S.T. Telesup,Instituto Telesup,1,FALSE
I.U De Tecnologia Y Administracion Industrial Iuta - Altos Mirandinos,Instituto Universitario De Tecnologia De Administracion Industrial (I.U.T.A.),1,FALSE
I.U. De Tecnologia Americo Vespucio,I.U. De Tecnologia Americo Vespucio,1,TRUE
I.U. De Tecnologia De Administracion Industrial,Instituto Universitario De Tecnologia De Administracion Industrial (I.U.T.A.),1,FALSE
I.U. De Tecnologia Pedro Emilio Coll,I.U. De Tecnologia Pedro Emilio Coll,1,TRUE
I.U. Politecnico Santiago Marino,Instituto Universitario Politecnico Santiago Marino,2,FALSE
Iab Spain,Iab Spain,3,TRUE
Iat (Sunat - Aduanas),Iat (Sunat - Aduanas),1,TRUE
Iberoamericano,Iberoamericano,1,TRUE
Ibm,Ibm,3,TRUE
Ibm Cognitive Class,Ibm,1,FALSE
Ibm Learning,Ibm,1,FALSE
Icam - Camara De Comercio De Lima,Icam - Camara De Comercio De Lima,2,TRUE
Ice School,Ice School,2,TRUE
Ici-Uni,Ici-Uni,1,TRUE
Icj,Icj,2,TRUE
Icpna,Instituto Cultural Peruano Norteamericano,13,FALSE
Icpna - Instituto Peruano Norteamericano,Instituto Cultural Peruano Norteamericano,1,FALSE
Idat,Instituto Superior Tecnologico Idat,111,FALSE
Iddea,Iddea,1,TRUE
Idec Vial,Idec Vial,1,TRUE
Ideou,Ideou,1,TRUE
Ie University,Ie University,1,TRUE
Iebs,Iebs,1,TRUE
Ieh,Ieh,1,TRUE
Iem Bussines School,Iem Bussines School,1,TRUE
Iep,Iep,1,TRUE
Ies Pradolongo,Ies Pradolongo,1,TRUE
Iese Business School,Iese Business School,1,TRUE
Iestp &Quot;Julio Cesar Tello&Quot;,Instituto Superior Tecnologico Julio Cesar Tello,1,FALSE
Iestpffaa,Iestpffaa,1,TRUE
Iestpj Julio C. Tello,Instituto Superior Tecnologico Julio Cesar Tello,1,FALSE
Ifb,Instituto De Formacion Bancaria Ifb,1,FALSE
Ifb Certus,Instituto De Formacion Bancaria Ifb,1,FALSE
Ilen,Ilen,2,TRUE
Ilen &Amp; Mentors International Inc.,Ilen,1,FALSE
Ilustre Colegio De Abogados De Lima - Cal,Ilustre Colegio De Abogados De Lima - Cal,1,TRUE
Impechi,Impechi,1,TRUE
Inagep,Inagep,1,TRUE
Incae Business School,Incae Business School,7,TRUE
Inception Consulting,Inception Consulting,6,TRUE
Inco Group Consulting,Inco Group Consulting,1,TRUE
Incodesoft,Incodesoft,1,TRUE
Indra,Indra,4,TRUE
Inei,Instituto Nacional De Estadistica E Informatica,1,FALSE
Ingenio Learnig,Ingenio Learning,1,FALSE
Ingenio Learning,Ingenio Learning,17,TRUE
Ingenium,Ingenium,1,TRUE
Inictel - Esutel,Inictel - Uni,1,FALSE
Inictel - Uni,Inictel - Uni,3,TRUE
Innovation Learning Center,Innovation Learning Center,1,TRUE
Innovaxiones,Innovaxiones,1,TRUE
Insituto Norbert Wiener,Insituto Norbert Wiener,1,TRUE
Inst Peruano De Computacion E Informatica Ipci,Inst Peruano De Computacion E Informatica Ipci,2,TRUE
Inst. De Ensenanza Sup. Del Ejercito Www.Iese.Edu.Ar,Inst. De Ensenanza Sup. Del Ejercito Www.Iese.Edu.Ar,1,TRUE
Inst. Desarrollo Humano,Inst. Desarrollo Humano,1,TRUE
Inst. Especializado En Gestion Agil De Proyectos,Inst. Especializado En Gestion Agil De Proyectos,1,TRUE
Inst. Latinoamericano De Cc.Ss.,Inst. Latinoamericano De Cc.Ss.,3,TRUE
Inst. San Ignacio De Monterrico Sidem,Inst. San Ignacio De Monterrico Sidem,1,TRUE
Institucion Privada Americano,Institucion Privada Americano,1,TRUE
Instituo Superior Tecnologico Cibertec,Instituto Cibertec,1,FALSE
Institut Superieur De La Logistique Et Du Transp,Institut Superieur De La Logistique Et Du Transp,2,TRUE
"Instituto ""Cimas""",Instituto Superior Tecnologico Cimas,1,FALSE
Instituto Adex,Instituto Adex,21,TRUE
Instituto Avansys - Grupo El Comercio,Instituto Cibertec,5,FALSE
Instituto Avanza De Formacion Y Desarrollo,Instituto Avanza De Formacion Y Desarrollo,1,TRUE
Instituto Centro Americano De Administracion De...,Instituto Centro Americano De Administracion De...,1,TRUE
Instituto Certus,Instituto De Educacion Superior Privado Certus,1,FALSE
Instituto Chaminade Marianistas,Instituto Chaminade Marianistas,1,TRUE
Instituto Cibertec,Instituto Cibertec,205,TRUE
Instituto Computrom,Instituto Superior Tecnologico Computrom,1,FALSE
Instituto Cultural Peruano Norteamericano,Instituto Cultural Peruano Norteamericano,33,TRUE
Instituto Cultural Peruano Norteamericano (A-09),Instituto Cultural Peruano Norteamericano,5,FALSE
Instituto Cultural Peruano Norteamericano (Ipcna),Instituto Cultural Peruano Norteamericano,1,FALSE
Instituto De Alta Tecnologia (Idat),Instituto Superior Tecnologico Idat,1,FALSE
Instituto De Alta Tecnologia Cibertec,Instituto Cibertec,2,FALSE
Instituto De Certificacion Sissertel,Instituto De Certificacion Sissertel,1,TRUE
Instituto De Ciencias Y Tecnologias,Instituto De Ciencias Y Tecnologias,2,TRUE
Instituto De Contadores Del Peru,Instituto De Contadores Del Peru,1,TRUE
Instituto De Direccion De Proyectos,Instituto De Direccion De Proyectos,1,TRUE
Instituto De Directivos De Empresa (Ide-Cesem),Instituto De Directivos De Empresa (Ide-Cesem),1,TRUE
Instituto De Educacion Superior Abaco,Instituto De Educacion Superior Abaco,1,TRUE
Instituto De Educacion Superior John Von Neumann,Instituto De Educacion Superior John Von Neumann,3,TRUE
Instituto De Educacion Superior Leonardo Da Vinci - Trujillo,Instituto De Educacion Superior Leonardo Da Vinci - Trujillo,1,TRUE
Instituto De Educacion Superior Privado Certus,Instituto De Educacion Superior Privado Certus,1,TRUE
Instituto De Educacion Superior Privado Nuestra Senora Del Carmen,Instituto De Educacion Superior Privado Nuestra Senora Del Carmen,1,TRUE
Instituto De Educacion Superior Tecnologica Y Pedagogica Cima,Instituto De Educacion Superior Tecnologica Y Pedagogica Cima,3,TRUE
Instituto De Educacion Superior Tecnologico Cesca,Instituto De Educacion Superior Tecnologico Cesca,1,TRUE
Instituto De Educacion Superior Tecnologico Pub...,Instituto De Educacion Superior Tecnologico Pub...,1,TRUE
Instituto De Educacion Superior Tecnologico Simon Bolivar,Instituto De Educacion Superior Tecnologico Simon Bolivar,1,TRUE
Instituto De Emprendedores - Usil,Instituto De Emprendedores - Usil,1,TRUE
Instituto De Empresa,Instituto De Empresa,2,TRUE
Instituto De Estudios Bursatiles De Madrid,Instituto De Estudios Bursatiles De Madrid,1,TRUE
Instituto De Estudios Europeos,Instituto De Estudios Europeos,1,TRUE
Instituto De Formacion Bancaria Ifb,Instituto De Formacion Bancaria Ifb,28,TRUE
Instituto De Formacion Empresarial - Ife,Instituto De Formacion Empresarial - Ife,1,TRUE
Instituto De Idiomas De La Universidad Catolica,Instituto De Idiomas De La Universidad Catolica,11,TRUE
Instituto De Idiomas Peruano - Britanico,Asociacion Cultural Peruano Britanica,1,FALSE
Instituto De La Calidad Pucp,Instituto Para La Calidad - Pucp,1,FALSE
Instituto De Secretariado Ela,Instituto De Secretariado Ela,1,TRUE
Instituto De Seguridad Minera - Isem,Instituto De Seguridad Minera - Isem,2,TRUE
Instituto Del Sur,Instituto Del Sur (Arequipa),1,FALSE
Instituto Del Sur (Arequipa),Instituto Del Sur (Arequipa),3,TRUE
Instituto Educacion Superior Tecnologico Oyon,Instituto Educacion Superior Tecnologico Oyon,1,TRUE
Instituto Eiger,Instituto Eiger,2,TRUE
Instituto Especializado Gesap,Instituto Especializado Gesap,2,TRUE
Instituto Estadistico,Instituto Estadistico,6,TRUE
Instituto Euroidiomas,Instituto Euroidiomas,1,TRUE
Instituto Europeo De Posgrado,Instituto Europeo De Posgrado,9,TRUE
Instituto Europeo De Posgrado Iep,Instituto Europeo De Posgrado,1,FALSE
Instituto Europeo De Posgrado-Online,Instituto Europeo De Posgrado,1,FALSE
Instituto Europeo De Postgrado,Instituto Europeo De Posgrado,4,FALSE
Instituto Excelencia Humana,Instituto Excelencia Humana,1,TRUE
Instituto Excelente Humana,Instituto Excelencia Humana,1,FALSE
Instituto Gamor,Instituto Gamor,1,TRUE
Instituto Genova,Instituto Genova,1,TRUE
Instituto Gesap,Instituto Gesap,11,TRUE
Instituto Hegel,Instituto Hegel,1,TRUE
"Instituto Ingles ""Icpna",Instituto Cultural Peruano Norteamericano,1,FALSE
Instituto Interamericano De Alta Asesoria Empresarial,Instituto Interamericano De Alta Asesoria Empresarial,1,TRUE
Instituto Interamericano Para El Desarrollo,Instituto Interamericano Para El Desarrollo,1,TRUE
Instituto Latinoamericano De Empresas Y Negocios,Instituto Latinoamericano De Empresas Y Negocios,2,TRUE
Instituto Leo Design,Instituto Leo Design,5,TRUE
Instituto Metropolitano,Instituto Metropolitano,1,TRUE
Instituto Nacional De Estadistica E Informatica,Instituto Nacional De Estadistica E Informatica,2,TRUE
Instituto Nacional De Investigacion Forense,Instituto Nacional De Investigacion Forense,1,TRUE
Instituto Nacional De Investigacion Y Capacitacion De Telecomunicaciones - Inictel,Instituto Nacional De Investigacion Y Capacitacion De Telecomunicaciones - Inictel,7,TRUE
Instituto Norbert Wiener,Instituto Norbert Wiener,1,TRUE
Instituto Para El Desarrollo Empresarial Y Administrativo - Idea,Instituto Para El Desarrollo Empresarial Y Administrativo - Idea,3,TRUE
Instituto Para La Calidad - Pucp,Instituto Para La Calidad - Pucp,1,TRUE
Instituto Para La Calidad Pucp,Instituto Para La Calidad - Pucp,2,FALSE
Instituto Particular Britanico,Asociacion Cultural Peruano Britanica,1,FALSE
Instituto Paul Muller,Instituto Superior Paul Muller,2,FALSE
Instituto Peruano De Accion Empresarial - Ipae,Instituto Peruano De Accion Empresarial - Ipae,1,TRUE
Instituto Peruano De Administracion De Empresas - Ipae,Instituto Peruano De Accion Empresarial - Ipae,13,FALSE
Instituto Peruano De Gobierno - Ipeg,Instituto Peruano De Gobierno - Ipeg,1,TRUE
Instituto Peruano De Negocios,Instituto Peruano De Negocios,1,TRUE
Instituto Peruano De Publicidad - Ipp,Instituto Peruano De Publicidad - Ipp,4,TRUE
Instituto Peruano De Seguro,Instituto Peruano De Seguro,1,TRUE
Instituto Peruano De Seguros,Instituto Peruano De Seguros,2,TRUE
Instituto Pm Certifica,Pm Certifica,1,FALSE
Instituto Raul Scalabrini Ortiz,Instituto Raul Scalabrini Ortiz,1,TRUE
Instituto Ricardo Palma,Instituto Ricardo Palma,2,TRUE
Instituto San Ignacio De La Loyola,Instituto San Ignacio De Loyola,2,FALSE
Instituto San Ignacio De Loyola,Instituto San Ignacio De Loyola,9,TRUE
Instituto San Ignacio De Loyola - Isil,Instituto San Ignacio De Loyola,2,FALSE
Instituto San Ignacio De Loyola (Isil),Instituto San Ignacio De Loyola,1,FALSE
Instituto San Ingnacio De Loyola,Instituto San Ignacio De Loyola,1,FALSE
Instituto Sencico,Instituto Sencico,1,TRUE
Instituto Sise,Instituto Superior Sise,2,FALSE
Instituto Sistemas Del Sur,Instituto Sistemas Del Sur,1,TRUE
Instituto Superior Cibertec,Instituto Cibertec,1,FALSE
Instituto Superior De Comunicacion Y Diseno Toulouse Lautrec,Instituto Superior De Comunicacion Y Diseno Toulouse Lautrec,30,TRUE
Instituto Superior Juan Xxiii,Instituto Superior Juan Xxiii,1,TRUE
Instituto Superior Paul Muller,Instituto Superior Paul Muller,1,TRUE
Instituto Superior Pedagogico Publico Nuestra Senora De Lourdes,Instituto Superior Pedagogico Publico Nuestra Senora De Lourdes,1,TRUE
Instituto Superior Peruano Aleman - Ipal,Instituto Superior Peruano Aleman - Ipal,2,TRUE
Instituto Superior Privado Cibertec,Instituto Cibertec,1,FALSE
Instituto Superior Sise,Instituto Superior Sise,68,TRUE
"Instituto Superior Tecnologico ""Cepea""","Instituto Superior Tecnologico ""Cepea""",1,TRUE
"Instituto Superior Tecnologico ""Sise""",Instituto Superior Sise,1,FALSE
Instituto Superior Tecnologico Almirante Miguel Grau,Instituto Superior Tecnologico Almirante Miguel Grau,1,TRUE
Instituto Superior Tecnologico Araoz Pinto,Instituto Superior Tecnologico Araoz Pinto,1,TRUE
Instituto Superior Tecnologico Carlos Cueto Fernandini,Instituto Superior Tecnologico Carlos Cueto Fernandini,1,TRUE
Instituto Superior Tecnologico Cesca,Instituto De Educacion Superior Tecnologico Cesca,1,FALSE
Instituto Superior Tecnologico Cevatec,Instituto Superior Tecnologico Cevatec,1,TRUE
Instituto Superior Tecnologico Cimas,Instituto Superior Tecnologico Cimas,2,TRUE
Instituto Superior Tecnologico Columbia,Instituto Superior Tecnologico Columbia,2,TRUE
Instituto Superior Tecnologico Computrom,Instituto Superior Tecnologico Computrom,1,TRUE
Instituto Superior Tecnologico Continental,Instituto Superior Tecnologico Continental,3,TRUE
Instituto Superior Tecnologico De Comercio Exte...,Instituto Superior Tecnologico De Comercio Exte...,1,TRUE
Instituto Superior Tecnologico Idat,Instituto Superior Tecnologico Idat,5,TRUE
Instituto Superior Tecnologico J. Prado,Instituto Superior Tecnologico J. Prado,1,TRUE
Instituto Superior Tecnologico Julio Cesar Tello,Instituto Superior Tecnologico Julio Cesar Tello,1,TRUE
Instituto Superior Tecnologico Manuel Seoane Corrales,Instituto Superior Tecnologico Manuel Seoane Corrales,1,TRUE
Instituto Superior Tecnologico Metropolitano,Instituto Superior Tecnologico Metropolitano,2,TRUE
Instituto Superior Tecnologico Privado Cibertec,Instituto Cibertec,1,FALSE
Instituto Superior Tecnologico Privado Khipu,Instituto Superior Tecnologico Privado Khipu,1,TRUE
Instituto Superior Tecnologico Publico Argentina,Instituto Superior Tecnologico Publico Argentina,1,TRUE
Instituto Superior Tecnologico Publico Jose Pardo,Instituto Superior Tecnologico Publico Jose Pardo,1,TRUE
Instituto Superior Tecnologico Wernher Von Braun,Instituto Superior Tecnologico Wernher Von Braun,1,TRUE
Instituto Superios Tecnologico Abaco,Instituto De Educacion Superior Abaco,3,FALSE
Instituto Superiro Tecnologico Chincha,Instituto Superiro Tecnologico Chincha,1,TRUE
Instituto Tecnologico Del Norte,Instituto Tecnologico Del Norte,7,TRUE
Instituto Tecnologico Idat,Instituto Superior Tecnologico Idat,2,FALSE
"Instituto Tecnologico Lourtec, C.A.","Instituto Tecnologico Lourtec, C.A.",1,TRUE
Instituto Tecnologico Y De Estudios Superiores De Monterrey,Instituto Tecnologico Y De Estudios Superiores De Monterrey,17,TRUE
Instituto Telesup,Instituto Telesup,1,TRUE
Instituto Universitario Carlos Soublette,Instituto Universitario Carlos Soublette,1,TRUE
Instituto Universitario De Gerencia Y Tecnologia,Instituto Universitario De Gerencia Y Tecnologia,2,TRUE
Instituto Universitario De Nuevas Profesiones,Instituto Universitario De Nuevas Profesiones,1,TRUE
Instituto Universitario De Tecnologia Antonio Jose De Sucre,Instituto Universitario De Tecnologia Antonio Jose De Sucre,1,TRUE
Instituto Universitario De Tecnologia De Administracion Industrial,Instituto Universitario De Tecnologia De Administracion Industrial (I.U.T.A.),1,FALSE
Instituto Universitario De Tecnologia De Administracion Industrial (I.U.T.A.),Instituto Universitario De Tecnologia De Administracion Industrial (I.U.T.A.),6,TRUE
Instituto Universitario De Tecnologia De Los Llanos,Instituto Universitario De Tecnologia De Los Llanos,1,TRUE
Instituto Universitario De Tecnologia Industrial Rodolfo Loero Arismendi,Instituto Universitario De Tecnologia Industrial Rodolfo Loero Arismendi,4,TRUE
Instituto Universitario De Tecnologia Pedro Emilio Coll,Instituto Universitario De Tecnologia Pedro Emilio Coll,1,TRUE
Instituto Universitario Insular,Instituto Universitario Insular,1,TRUE
Instituto Universitario Jesus Obrero,Instituto Universitario Jesus Obrero,1,TRUE
Instituto Universitario Politecnico Santiago Marino,Instituto Universitario Politecnico Santiago Marino,3,TRUE
Instituto Ziegel,Instituto Peruano De Accion Empresarial - Ipae,1,FALSE
Inteci - Instituto De Profesiones Empresariales,Inteci - Instituto De Profesiones Empresariales,3,TRUE
Intelica Corp,Intelica Corp,1,TRUE
Interaction Design Foudation,Interaction Design Foudation,2,TRUE
Interactive Advertising Bureau,Interactive Advertising Bureau,1,TRUE
Interactive Advertising Bureau (Iab Espana),Interactive Advertising Bureau,1,FALSE
International Business School,International Business School,1,TRUE
International Scrum Institute,International Scrum Institute,1,TRUE
International Scrum Instituted,International Scrum Institute,2,FALSE
International Software Testing Qualifications Board,International Software Testing Qualifications Board,1,TRUE
Inttelmex It,Inttelmex It,5,TRUE
Ipad - Instituto Peruano De Arte Y Diseno,Ipad - Instituto Peruano De Arte Y Diseno,5,TRUE
Ipae,Instituto Peruano De Accion Empresarial - Ipae,23,FALSE
Ipae -Instituto Peruano De Accion Empresarial,Instituto Peruano De Accion Empresarial - Ipae,48,FALSE
Ipal,Instituto Superior Peruano Aleman - Ipal,2,FALSE
Ipappg,Ipappg,2,TRUE
Ipm - Instituto Peruano De Marketing,Ipm - Instituto Peruano De Marketing,20,TRUE
Isaac Newton,Isaac Newton,1,TRUE
Isat,Isat,1,TRUE
Isead,Isead,1,TRUE
Isec Peru,Isec Peru,1,TRUE
Isil,Instituto San Ignacio De Loyola,168,FALSE
"Isil Tech, Instituto San Ignacio De Loyola",Instituto San Ignacio De Loyola,1,FALSE
Isl Libertador,Isl Libertador,1,TRUE
Ist El Buen Pastor,Ist El Buen Pastor,2,TRUE
Ist Gilda Ballivian Rosado,Ist Gilda Ballivian Rosado,1,TRUE
Ist Poussin,Ist Poussin,1,TRUE
Ist Sise,Instituto Superior Sise,1,FALSE
Istituto Europeo Di Design,Istituto Europeo Di Design,1,TRUE
Istp Julio Cesar Tello,Instituto Superior Tecnologico Julio Cesar Tello,1,FALSE
Istp Maria Rosario Araoz Pinto,Istp Maria Rosario Araoz Pinto,1,TRUE
Istp Modern Systems,Istp Modern Systems,2,TRUE
Istp Paul Muller,Instituto Superior Paul Muller,1,FALSE
Istp-Julio Cesar Tello,Instituto Superior Tecnologico Julio Cesar Tello,2,FALSE
Istqb,Istqb(R) - International Software Testing Qualifications Board,8,FALSE
Istqb (R),Istqb(R) - International Software Testing Qualifications Board,1,FALSE
Istqb(R) - International Software Testing Qualifications Board,Istqb(R) - International Software Testing Qualifications Board,2,TRUE
It Systems,It Systems,1,TRUE
Itae,Itae Business School,1,FALSE
Itae Business School,Itae Business School,1,TRUE
Itera Business It&Amp;Process,Itera Business It&Amp;Process,2,TRUE
Itsk,Itsk,1,TRUE
Itsystems,It Systems,2,FALSE
Itsystems Systems,It Systems,1,FALSE
Iup Santiago Marino.,Instituto Universitario Politecnico Santiago Marino,1,FALSE
J &Amp; J Data Mining Consulting,J &Amp; J Data Mining Consulting,1,TRUE
Jaime Figari ( Capitan De Aduanas- Sunat),Jaime Figari ( Capitan De Aduanas- Sunat),2,TRUE
Jamming,Jamming,1,TRUE
Jb Enteprise Group,Jb Enterprise Group,1,FALSE
Jb Enterprice Group,Jb Enterprise Group,1,FALSE
Jb Enterprise,Jb Enterprise Group,1,FALSE
Jb Enterprise Group,Jb Enterprise Group,16,TRUE
Jb Group,Jb Enterprise Group,1,FALSE
Jb Group Enterprise,Jb Enterprise Group,1,FALSE
Jhons Hopkins University | Coursera,Jhons Hopkins University | Coursera,1,TRUE
Jose Faustino Sanchez Carrion,Universidad Nacional Jose Faustino Sanchez Carrion,2,FALSE
Junin Satipo,Junin Satipo,1,TRUE
Kaits Consulting,Kaits Consulting,1,TRUE
Kaizen Certification,Kaizen Certification,2,TRUE
Kali Networks,Kali Networks,1,TRUE
Kanban University,Kanban University,2,TRUE
Kbsoluciones,Kbsoluciones,1,TRUE
Kookmin University,Kookmin University,1,TRUE
Kunak Consulting,Kunak Consulting,1,TRUE
Kurios,Kurios,1,TRUE
Kyocera Document Solutions,Kyocera Document Solutions,2,TRUE
La Calle - Escuela Creativa,La Calle - Escuela Creativa,1,TRUE
La Salle,Universidad La Salle De Barcelona,1,FALSE
La Salle - Universidad Ramon Llull,Universidad La Salle De Barcelona,3,FALSE
La Salle Barcelona - Ramon Llull,Universidad La Salle De Barcelona,2,FALSE
Laboratoria,Laboratoria,5,TRUE
Las Vegas Usa,Las Vegas Usa,1,TRUE
Latfar,Latfar,1,TRUE
Laureate International Universities,Laureate International Universities,2,TRUE
Ld Grupo,Ld Grupo,1,TRUE
Le Cordon Bleu Peru,Universidad Le Cordon Bleu,1,FALSE
Leaders Training Group,Leaders Training Group,1,TRUE
Lean Six Sigma Institute,Lean Six Sigma Institute,1,TRUE
Learning,Learning,1,TRUE
Learning Business Partner,Learning Business Partner,1,TRUE
Levo Learning Center,Levo Learning Center,2,TRUE
Liberate,Liberate,1,TRUE
Licencias On Line,Licencias On Line,1,TRUE
Lima,Lima Institute Of Technical Studies,1,FALSE
Lima Institute Of Technical Studies,Lima Institute Of Technical Studies,1,TRUE
Linkedin,Linkedin Learning,6,FALSE
Linkedin In Learning,Linkedin Learning,1,FALSE
Linkedin Learning,Linkedin Learning,4,TRUE
Lloyd'S Register Quality Assurance,Lloyd'S Register Quality Assurance,1,TRUE
Lourtec,Lourtec,1,TRUE
Lp &Amp; Asociados,Lp &Amp; Asociados,1,TRUE
Ludus,Ludus,1,TRUE
Make It Real,Make It Real,1,TRUE
Mali,Mali,4,TRUE
Mambo,Mambo,1,TRUE
Management 3.0,Management 3.0,1,TRUE
Mannovation Consulting,Mannovation Consulting,2,TRUE
Manuel Arevalo Caceres,Manuel Arevalo Caceres,1,TRUE
Manuel Seoane Corrales,Instituto Superior Tecnologico Manuel Seoane Corrales,1,FALSE
Marcelino Champagnat,Universidad Marcelino Champagnat,1,FALSE
Maria De Los Angeles,Maria De Los Angeles,1,TRUE
Maria Rosario Araoz Pinto,Istp Maria Rosario Araoz Pinto,1,FALSE
Marketeate Escuela,Marketeate Escuela,1,TRUE
Mas Ventas Training &Amp; Consulting,Mas Ventas Training &Amp; Consulting,1,TRUE
Massachusetts Inst. Of Technology,Massachusetts Institute Of Technology,8,FALSE
Massachusetts Institute Of Technology,Massachusetts Institute Of Technology,1,TRUE
Master En Transformacion Digital Y Desarrollo De Negocio,Master En Transformacion Digital Y Desarrollo De Negocio,1,TRUE
Master Group,Master Group,1,TRUE
Mbs Montpellier Business School,Mbs Montpellier Business School,1,TRUE
Mcp,Mcp,5,TRUE
Mejorando.La,Mejorando.La,2,TRUE
Metodologia Online,Metodologia Online,1,TRUE
Mg Digital Recruiting,Mg Digital Recruiting,1,TRUE
Miami Ad School Lima,Miami Ad School Lima,1,TRUE
Microsoft,Microsoft,18,TRUE
Microsoft - Edx,Microsoft,1,FALSE
Microsoft - Learning,Microsoft,1,FALSE
Microsoft Learn,Microsoft,2,FALSE
Microsoft Partner University,Microsoft,3,FALSE
Mik Consulting,Mik Consulting,1,TRUE
Mile Sec,Mile Sec,1,TRUE
Mimp,Mimp,1,TRUE
Ministerio De La Defensa,Ministerio De La Defensa,3,TRUE
Ministerio De Transporte,Ministerio De Transporte,1,TRUE
Miriada X,Miriadax - Fundacion Telefonica,1,FALSE
Miriadax,Miriadax - Fundacion Telefonica,1,FALSE
Miriadax - Fundacion Telefonica,Miriadax - Fundacion Telefonica,1,TRUE
Mit Professional Education,Mit Professional Education,3,TRUE
Mit Sloan School Of Management,Mit Sloan School Of Management,1,TRUE
Mitocode,Mitocode Network,7,FALSE
Mitocode Network,Mitocode Network,1,TRUE
Mitso,Mitso,1,TRUE
Mitx,Mitx On Edx,1,FALSE
Mitx On Edx,Mitx On Edx,2,TRUE
Mmj Smart Electronics,Mmj Smart Electronics,1,TRUE
Mott,Mott Centro De Especializacion Digital,5,FALSE
Mott - Escuela Creativa Digital,Mott Centro De Especializacion Digital,1,FALSE
Mott Centro De Especializacion,Mott Centro De Especializacion Digital,1,FALSE
Mott Centro De Especializacion Digital,Mott Centro De Especializacion Digital,3,TRUE
Municipalidad De Lima,Municipalidad De Lima,1,TRUE
Neetwork Business School,Neetwork Business School,1,TRUE
Negocios Internacionales,Negocios Internacionales,1,TRUE
Negzy,Negzy,2,TRUE
Netcomp,Netcomp,1,TRUE
Netec,Netec,10,TRUE
Netxpress,Netxpress,1,TRUE
Netzun,Netzun,9,TRUE
Neumann Business School,Neumann Business School,2,TRUE
New Horihorizons,New Horizons,1,FALSE
New Horizon,New Horizons,9,FALSE
New Horizons,New Horizons,65,TRUE
"New Horizons Computer Learning Centers, Inc.",New Horizons,1,FALSE
New Horizons Del Peru.,New Horizons,2,FALSE
New Horizons Institut,New Horizons,1,FALSE
New Horizons Lima,New Horizons,1,FALSE
New Horizons Peru,New Horizons,4,FALSE
New Horizont,New Horizons,2,FALSE
New Horizonts,New Horizons,4,FALSE
Next U,Next University,1,FALSE
Next University,Next University,1,TRUE
Nextech,Nextech,15,TRUE
Nextech Education Center,Nextech,5,FALSE
Nextu,Next University,1,FALSE
Nits,Nits,1,TRUE
Nombre Institucion Educativa,Nombre Institucion Educativa,1,TRUE
Northwestern University (Il),Northwestern University (Il),1,TRUE
Nova Southeastern University,Nova Southeastern University,1,TRUE
Nse Institute Fortinet,Nse Institute Fortinet,2,TRUE
Oficina Nacional De Procesos Electorales,Onpeduca,1,FALSE
Ogc,Ogc,1,TRUE
Online,Online,3,TRUE
Onpeduca,Onpeduca,1,TRUE
Opalo,Opalo,1,TRUE
Openwebinars,Openwebinars,1,TRUE
Opex Business Partner,Opex Business Partner,1,TRUE
Oracle,Oracle Education,1,FALSE
Oracle Education,Oracle Education,2,TRUE
Oracle University,Oracle Education,6,FALSE
Orange Peru Hard - Technical Support Services,Orange Peru Hard - Technical Support Services,1,TRUE
Oreilly,Oreilly,1,TRUE
Organizacion Schillder,Organizacion Schindler Sac,2,FALSE
Organizacion Schindler Sac,Organizacion Schindler Sac,1,TRUE
Osce,Osce,1,TRUE
Osenterprise,Osenterprise,1,TRUE
Oshacademy Latam,Oshacademy Latam,1,TRUE
Otra,Otros,3,FALSE
Otro,Otros,14,FALSE
Otros,Otros,35,TRUE
Owasp Foundation,Owasp Foundation,2,TRUE
Pacifico Business School,Pacifico Business School - Univ. Del Pacifico,3,FALSE
Pacifico Business School - Univ. Del Pacifico,Pacifico Business School - Univ. Del Pacifico,1,TRUE
Pad,Pad,12,TRUE
Pade,Pade,1,TRUE
Particular,Particular,1,TRUE
Pcleticia,Pcleticia,1,TRUE
Pebc,Pebc,1,TRUE
Pecb,Pecb - Canada,2,FALSE
Pecb - Canada,Pecb - Canada,1,TRUE
People Cert,People Cert,1,TRUE
Peoplecert,People Cert,2,FALSE
Peru Linux,Peru Linux,1,TRUE
Pink Elephant,Pink Elephant,1,TRUE
Plataforma Udemy,Udemy,1,FALSE
Platzi,Platzi,26,TRUE
Pluralsight,Pluralsight,2,TRUE
Pm Certifica,Pm Certifica,17,TRUE
Pm Certifica - Pmi Registered Education Provider,Pm Certifica,1,FALSE
Pm Certifica - Scrumstudy 97864,Pm Certifica,1,FALSE
Pm Consultant Latam,Pm Certifica,1,FALSE
Pmc,Pmc Latam,7,FALSE
Pmc Grupo,Pmc Latam,2,FALSE
Pmc Latam,Pmc Latam,6,TRUE
Pmcertifica,Pm Certifica,8,FALSE
Pmconsultant Latam S.A.C.,Pmconsultant Latam S.A.C.,2,TRUE
Pmg Academy,Pmg Academy,1,TRUE
Pmi,Pmi,10,TRUE
Pmo Global Alliance,Pmo Global Alliance,1,TRUE
Politecnico Colombiano Jaime Isaza Cadavid,Politecnico Colombiano Jaime Isaza Cadavid,1,TRUE
Politecnico De Colombia,Politecnico De Colombia,1,TRUE
Politecnico Grancolombiano,Politecnico Grancolombiano,1,TRUE
Ponificia Universidad Catolica Del Peru,Pontificia Universidad Catolica Del Peru,2,FALSE
Pontificia Univerdidad Catolica Del Peru,Pontificia Universidad Catolica Del Peru,1,FALSE
Pontificia Universidad Catolica De Chile,Pontificia Universidad Catolica De Chile,1,TRUE
Pontificia Universidad Catolica Del Peru,Pontificia Universidad Catolica Del Peru,342,TRUE
Pontificia Universidad Catolica Del Peru - Pucp,Pontificia Universidad Catolica Del Peru,4,FALSE
Postgrado Universidad Peruana De Ciencias Aplicadas - Upc,Postgrado Universidad Peruana De Ciencias Aplicadas - Upc,1,TRUE
Power Bi Peru,Power Bi Peru,1,TRUE
Premium Cultural Institute,Premium Cultural Institute,1,TRUE
Prime Institute,Prime Institute,4,TRUE
Pro Escuela Grupo Edem,Pro Escuela Grupo Edem,2,TRUE
Proavance,Proavance,1,TRUE
Profesional,Profesional,1,TRUE
Programa Thepowermba,Programa Thepowermba,1,TRUE
Proinversion,Proinversion,1,TRUE
Project Control,Project Control,1,TRUE
Project Management Certifica,Pm Certifica,1,FALSE
Project Management Institute,Project Management Institute (Pmi),9,FALSE
Project Management Institute (Pmi),Project Management Institute (Pmi),2,TRUE
Project Management Instituto (Pmi),Project Management Institute (Pmi),2,FALSE
Project Managment Institute,Project Management Institute (Pmi),1,FALSE
Projectum,Projectum,1,TRUE
Protiviti,Protiviti,1,TRUE
Pucp,Pontificia Universidad Catolica Del Peru,4,FALSE
Pucp - Instituto Para La Calidad,Instituto Para La Calidad - Pucp,3,FALSE
Qlc,Qlc,6,TRUE
Qualita Education,Qualita Education,1,TRUE
Quality Learning Center,Quality Learning Center,7,TRUE
Quality Learning Center.,Quality Learning Center,1,FALSE
R&Amp;M Certified Enterprise Group,R&Amp;M Certified Enterprise Group,2,TRUE
Real Systems,Real Systems,1,TRUE
Red Latina De Recursos Humanos,Red Latina De Recursos Humanos,1,TRUE
Red Latina De Rrhh,Red Latina De Recursos Humanos,1,FALSE
Red Linux,Red Linux,1,TRUE
Redhat Peru,Redhat Peru,1,TRUE
Repensar,Repensar,1,TRUE
Repensar Educativo,Repensar Educativo,1,TRUE
Rimac,Rimac Seguros S.A.C.,1,FALSE
Rimac Seguros S.A.C.,Rimac Seguros S.A.C.,1,TRUE
Rioja,Universidad Internacional De La Rioja,3,FALSE
Risk Consulting,Risk Consulting,1,TRUE
Rocketbot,Rocketbot,1,TRUE
Rules Cube,Rules Cube,1,TRUE
Ryc Consulting,Ryc Consulting,1,TRUE
Safe,Safe Sale Agile,1,FALSE
Safe Sale Agile,Safe Sale Agile,1,TRUE
Saint De Venezuela,Saint De Venezuela,1,TRUE
San Ignacio De Loyola,Universidad San Ignacio Del Loyola,4,FALSE
San Juan Bautista,Universidad Privada San Juan Bautista,1,FALSE
Sandler Training Peru,Sandler Training Peru,1,TRUE
Sao Paulo,Sao Paulo,1,TRUE
Sap,Sap,2,TRUE
Sapia,Corporacion Sapia,1,FALSE
School Of Technology And Computer Science,School Of Technology And Computer Science,1,TRUE
Scrum,Scrum,1,TRUE
Scrum Alliance,Scrum Alliance,9,TRUE
Scrum Manager,Scrum Manager,1,TRUE
Scrum Org,Scrum Study,1,FALSE
Scrum Org.,Scrum Study,1,FALSE
Scrum Study,Scrum Study,14,TRUE
Scrum Study Certification,Scrum Study,2,FALSE
Scrum Study Org,Scrum Study,1,FALSE
Scrum.Org,Scrum Study,4,FALSE
Scrumstudy,Scrum Study,33,FALSE
Scrumstudy - Accreditation Body For Scrum And Agile,Scrum Study,1,FALSE
Scum Study,Scrum Study,3,FALSE
Sebrae Brasil,Sebrae Brasil,1,TRUE
Semcocad,Semcocad,1,TRUE
Seminarios Top,Seminarios Top,1,TRUE
Senati,Senati,37,TRUE
Senati - Chiclayo,Senati,2,FALSE
Senati - Cusco,Senati,1,FALSE
Senati - Programa Nacional De Informatica,Senati,26,FALSE
Senati- Callao,Senati,1,FALSE
Senati -Lima,Senati,1,FALSE
Senati-Lima,Senati,1,FALSE
Sencico,Instituto Sencico,2,FALSE
Sencico Escuela Superior Tecnica,Instituto Sencico,3,FALSE
Servir-Peru,Servir-Peru,1,TRUE
Sgs,Sgs Academy,1,FALSE
Sgs Academy,Sgs Academy,4,TRUE
Sidem,Sidem,1,TRUE
Siemens Training Center,Siemens Training Center,1,TRUE
Sinergia,Sinergia,1,TRUE
Sise,Instituto Superior Sise,2,FALSE
Sissertel-Certmind,Instituto De Certificacion Sissertel,1,FALSE
Sistemas Informaticos Del Valle,Sistemas Informaticos Del Valle,1,TRUE
Sistemas Uni,Sistemas Uni,31,TRUE
Sistemas Uni_Excel Avanzado,Sistemas Uni,1,FALSE
Sistemasuni,Sistemas Uni,4,FALSE
Sj Agile Consulting,Sj Agile Consulting,4,TRUE
Skill - Centro De Capacitacion,Skill - Centro De Capacitacion,3,TRUE
Skill Centro De Capacitacion,Skill - Centro De Capacitacion,1,FALSE
Smart Data Consulting,Smart Data Consulting,3,TRUE
Social Data Consulting,Social Data Consulting,8,TRUE
Sociedad Nacional De Industrias,Sociedad Nacional De Industrias,1,TRUE
Sociedad Peruana De Desarrollo En Bienes Raices,Sociedad Peruana De Desarrollo En Bienes Raices,1,TRUE
Sollearn,Sollearn,1,TRUE
Sololearn,Sololearn,1,TRUE
Ssma Peru,Ssma Peru,1,TRUE
Stanford University (Ca),Stanford University (Ca),1,TRUE
Starley Sac,Starley Sac,1,TRUE
Step To Business,Step To Business,1,TRUE
Studyscrum,Scrum Study,1,FALSE
Sudesco Energy,Sudesco Energy,1,TRUE
Summa Center,Summa Center,1,TRUE
Sydney College Of Business And Ti - Scbit,Sydney College Of Business And Ti - Scbit,2,TRUE
Sydney College Of Business And Ti ? Scbit,Sydney College Of Business And Ti - Scbit,1,FALSE
Synopsis,Synopsis,1,TRUE
Sypsoft S.A.,Sypsoft S.A.,1,TRUE
Systematic S.A.,Systematic S.A.,1,TRUE
Talentus,Talentus,2,TRUE
Talleres Oracle,Talleres Oracle,1,TRUE
Talleresoracle,Talleres Oracle,1,FALSE
Talma Training,Talma Training,1,TRUE
Teacher Online,Teacher Online,1,TRUE
Tec Management,Tec Management,1,TRUE
Tech,Tech,1,TRUE
Tecnologico De Monterrey,Tecnologico De Monterrey,2,TRUE
Tecsel,Tecsel,1,TRUE
Tecsup,Tecsup,124,TRUE
Tecsup - Arequipa,Tecsup,3,FALSE
Telepsup,Universidad Privada Telesup,1,FALSE
Telesup,Universidad Privada Telesup,16,FALSE
"The City University Of New York, Queens College","The City University Of New York, Queens College",1,TRUE
The Open Group,The Open Group,1,TRUE
The Powermba,The Powermba,1,TRUE
The Sustainable Design School,The Sustainable Design School,1,TRUE
"The University Of Sydney, Australia","The University Of Sydney, Australia",1,TRUE
Thepowermba,Thepowermba,3,TRUE
Tismart,Tismart,1,TRUE
Titulado,Titulado,1,TRUE
Tkapacito,Tkapacito,1,TRUE
Todotic,Todotic,1,TRUE
Total Reward,Total Reward,1,TRUE
Toulose,Instituto Superior De Comunicacion Y Diseno Toulouse Lautrec,1,FALSE
Toulouse Lautrec,Instituto Superior De Comunicacion Y Diseno Toulouse Lautrec,2,FALSE
Trabajo Social,Trabajo Social,1,TRUE
Tsoft,Tsoft,1,TRUE
Tubartender Bar Academy,Tubartender Bar Academy,1,TRUE
U. Adolfo Ibanez,U. Adolfo Ibanez,1,TRUE
U. Diego Portales,U. Diego Portales,1,TRUE
U. N. Jose Faustino Sanchez Carrion,Universidad Nacional Jose Faustino Sanchez Carrion,1,FALSE
U.Continental,Universidad Continental De Ciencias E Ingenieria,1,FALSE
U.N Jose Faustino Sanchez Carrion,Universidad Nacional Jose Faustino Sanchez Carrion,1,FALSE
U.N. Jose Faustino Sanchez Carrion,Universidad Nacional Jose Faustino Sanchez Carrion,3,FALSE
U.N. Pedro Ruiz Gallo,Universidad Nacional Pedro Ruiz Gallo,1,FALSE
U.N.I. - Facultad De Ingenieria Industrial Y De...,Universidad Nacional De Ingenieria,1,FALSE
U.N.J.F.S.C,Universidad Nacional Jose Faustino Sanchez Carrion,1,FALSE
U.P.S.M.P.,Universidad De San Martin De Porres,1,FALSE
Uap,Universidad Alas Peruanas,1,FALSE
Ubits,Ubits,1,TRUE
Ucademy,Ucademy,8,TRUE
Ucal,Ucal,9,TRUE
Ucam,Universidad Catolica San Antonio De Murcia,1,FALSE
Uci Universidad De La Ciencias Informaticas (Acm-Icpc Caribbean Finals),Uci Universidad De La Ciencias Informaticas (Acm-Icpc Caribbean Finals),1,TRUE
Ucic,Ucic,1,TRUE
Ucic - Interbank,Ucic,2,FALSE
Ucss,Universidad Catolica Sedes Sapientiae,1,FALSE
Ucv,Universidad Cesar Vallejo,4,FALSE
Ucv-Lima Norte,Universidad Cesar Vallejo,10,FALSE
Udacity,Udacity,1,TRUE
Udemy,Udemy,43,TRUE
Udemy (Videotutoriales Via Internet),Udemy,2,FALSE
Udemy (Virtual),Udemy,1,FALSE
Udemy Academy,Udemy,1,FALSE
Udemy E-Learning,Udemy,1,FALSE
Udemy For Business,Udemy,1,FALSE
Udep,Universidad De Piura,3,FALSE
Uedmi,Uedmi,1,TRUE
Uigv,Universidad Inca Garcilaso De La Vega,6,FALSE
Uiniversidad Inca Garcilaso De La Vega,Universidad Inca Garcilaso De La Vega,1,FALSE
Uiversidad Peruana Union,Uiversidad Peruana Union,1,TRUE
Uladech,Universidad Catolica Los Angeles De Chimbote,9,FALSE
Ultra Group,Ultra Group,1,TRUE
Umsm,Universidad Nacional Mayor De San Marcos,1,FALSE
Un. Jose Faustino Sanchez Carrion,Universidad Nacional Jose Faustino Sanchez Carrion,2,FALSE
Unas,Universidad Nacional Agraria De La Selva,2,FALSE
Uncp,Universidad Nacional Del Centro Del Peru,1,FALSE
Undac,Undac,3,TRUE
Undemy,Udemy,1,FALSE
Une Enrique Guzman Y Valle,Universidad Nacional De Educacion Enrique Guzman Y Valle - La Cantuta,7,FALSE
Unefa,Unefa,1,TRUE
Unfv,Universidad Nacional Federico Villarreal,1,FALSE
Unfv Y Idat,Universidad Nacional Federico Villarreal,1,FALSE
Unfv6,Universidad Nacional Federico Villarreal,1,FALSE
Uni,Universidad Nacional De Ingenieria,12,FALSE
Uni. Nacional Autonoma De Mexico - Coursera,Uni. Nacional Autonoma De Mexico - Coursera,3,TRUE
Uni.Nac. Mayor De San Marcos,Universidad Nacional Mayor De San Marcos,2,FALSE
Unicad,Unicad,2,TRUE
Unife,Universidad Femenina Del Sagrado Corazon,9,FALSE
Unila,Unila,3,TRUE
Unir,Universidad Internacional De La Rioja,3,FALSE
Unir - Universidad Internacional La Rioja,Universidad Internacional De La Rioja,1,FALSE
Unir (Espana),Universidad Internacional De La Rioja,1,FALSE
Unir (Uni. De Rioja),Universidad Internacional De La Rioja,1,FALSE
Univ. Gran Mariscal De Ayacucho,Universidad Nororiental Gran Mariscal De Ayacucho,3,FALSE
Univ. Ramon Llul La Salle Sede Barcelona,Universidad La Salle De Barcelona,1,FALSE
Univ. Telesup,Universidad Privada Telesup,2,FALSE
Univ.Tecnologica Del Peru,Universidad Tecnologica Del Peru,1,FALSE
Univeridad Autonoma Del Peru,Universidad Autonoma Del Peru,26,FALSE
Univeridad De Lima,Universidad De Lima,22,FALSE
Univeridad Privada Del Norte,Universidad Privada Del Norte,40,FALSE
Universidad Adolfo Ibanez,Universidad Adolfo Ibanez,1,TRUE
Universidad Agraria La Molina,Universidad Nacional Agraria La Molina,5,FALSE
Universidad Alas Peruanas,Universidad Alas Peruanas,102,TRUE
Universidad Alejandro De Humboldt,Universidad Privada Alejandro De Humboldt,14,FALSE
Universidad Andina Del Cusco,Universidad Andina Del Cusco,5,TRUE
Universidad Andina Nestor Caceres Velasquez,Universidad Andina Nestor Caceres Velasquez,1,TRUE
Universidad Anhembi Morumbi,Universidad Anhembi Morumbi,1,TRUE
Universidad Antonio Ruiz De Montoya,Universidad Antonio Ruiz De Montoya,6,TRUE
Universidad Austral,Universidad Austral,1,TRUE
Universidad Autonoma,Universidad Autonoma Del Peru,2,FALSE
Universidad Autonoma De Colombia,Universidad Autonoma De Colombia,1,TRUE
Universidad Autonoma De Ica,Universidad Autonoma De Ica,1,TRUE
Universidad Autonoma Del Peru,Universidad Autonoma Del Peru,39,TRUE
Universidad Autonoma Del Peru - Lima,Universidad Autonoma Del Peru,1,FALSE
Universidad Autonoma San Francisco,Universidad Autonoma San Francisco,1,TRUE
Universidad Bicentenaria De Aragua,Universidad Bicentenaria De Aragua,4,TRUE
Universidad Bolivariana De Venezuela,Universidad Bolivariana De Venezuela,1,TRUE
Universidad Camilo Jose Cela,Universidad Camilo Jose Cela,1,TRUE
Universidad Cardenal Herrera (Ceu),Universidad Cardenal Herrera (Ceu),1,TRUE
Universidad Carlos Iii De Madrid,Universidad Carlos Iii De Madrid,2,TRUE
Universidad Catolica,Pontificia Universidad Catolica Del Peru,1,FALSE
Universidad Catolica Andres Bello,Universidad Catolica Andres Bello,1,TRUE
Universidad Catolica Boliviana De La Paz,Universidad Catolica Boliviana De La Paz,1,TRUE
Universidad Catolica De Chile,Universidad Catolica De Chile,4,TRUE
Universidad Catolica De Santa Maria - Arequipa,Universidad Catolica De Santa Maria - Arequipa,2,TRUE
Universidad Catolica De Trujillo,Universidad Catolica De Trujillo Benedicto Xvi,3,FALSE
Universidad Catolica De Trujillo Benedicto Xvi,Universidad Catolica De Trujillo Benedicto Xvi,1,TRUE
Universidad Catolica Del Peru,Pontificia Universidad Catolica Del Peru,5,FALSE
Universidad Catolica Los Angeles De Chimbote,Universidad Catolica Los Angeles De Chimbote,4,TRUE
Universidad Catolica Portuguesa,Universidad Catolica Portuguesa,1,TRUE
Universidad Catolica San Antonio De Murcia,Universidad Catolica San Antonio De Murcia,4,TRUE
Universidad Catolica San Pablo,Universidad Catolica San Pablo,18,TRUE
Universidad Catolica San Pablo.,Universidad Catolica San Pablo,2,FALSE
Universidad Catolica Santa Maria,Universidad Catolica Santa Maria,14,TRUE
Universidad Catolica Santa Rosa,Universidad Catolica Santa Rosa,1,TRUE
Universidad Catolica Santo Toribio De Mogrovejo,Universidad Catolica Santo Toribio De Mogrovejo,23,TRUE
Universidad Catolica Sede Sapientiae,Universidad Catolica Sedes Sapientiae,2,FALSE
Universidad Catolica Sedes Sapientae,Universidad Catolica Sedes Sapientiae,1,FALSE
Universidad Catolica Sedes Sapientiae,Universidad Catolica Sedes Sapientiae,17,TRUE
Universidad Central De Venezuela,Universidad Central De Venezuela,6,TRUE
Universidad Centroccidental Lisandro Alvarado Ucla,Universidad Centroccidental Lisandro Alvarado Ucla,1,TRUE
Universidad Cesar Vallejo,Universidad Cesar Vallejo,232,TRUE
Universidad Cesar Vallejo - Chimbote,Universidad Cesar Vallejo,4,FALSE
Universidad Cesar Vallejo - Lima,Universidad Cesar Vallejo,5,FALSE
Universidad Cesar Vallejo - Lima Norte,Universidad Cesar Vallejo,4,FALSE
Universidad Cesar Vallejo - Piura,Universidad Cesar Vallejo,6,FALSE
Universidad Cesar Vallejo - Trujilllo,Universidad Cesar Vallejo,23,FALSE
Universidad Cesar Vallejo (Comas),Universidad Cesar Vallejo,1,FALSE
Universidad Cesar Vallejo Lima - Norte,Universidad Cesar Vallejo,1,FALSE
Universidad Cesar Vallejo Lima Este 7Ciclo,Universidad Cesar Vallejo,2,FALSE
Universidad Cesar Vallejo Lima Norte,Universidad Cesar Vallejo,3,FALSE
Universidad Cientifica Del Peru,Universidad Cientifica Del Sur,3,FALSE
Universidad Cientifica Del Sur,Universidad Cientifica Del Sur,86,TRUE
Universidad Cientifica Del Sur (Ucsur) - Lima.,Universidad Cientifica Del Sur,1,FALSE
Universidad Complutense De Madrid,Universidad Complutense De Madrid,2,TRUE
Universidad Continenral,Universidad Continental De Ciencias E Ingenieria,1,FALSE
Universidad Continental,Universidad Continental De Ciencias E Ingenieria,8,FALSE
Universidad Continental - Huancayo,Universidad Continental De Ciencias E Ingenieria,1,FALSE
Universidad Continental De Ciencias E Ingenieria,Universidad Continental De Ciencias E Ingenieria,30,TRUE
"Universidad Continental Postgrado. Culminado,2021.",Universidad Continental De Ciencias E Ingenieria,1,FALSE
Universidad Continetal De Ciencia E Informaticas,Universidad Continental De Ciencias E Ingenieria,1,FALSE
Universidad Cooperativa De Colombia,Universidad Cooperativa De Colombia,3,TRUE
Universidad De Alcala,Universidad De Alcala,6,TRUE
Universidad De Alicante,Universidad De Alicante,1,TRUE
Universidad De Almeria,Universidad De Almeria,1,TRUE
Universidad De Barcelona,Universidad De Barcelona,3,TRUE
Universidad De Barcelona / Online,Universidad De Barcelona,9,FALSE
Universidad De Buenos Aires,Universidad De Buenos Aires,1,TRUE
Universidad De California - Berkeley,Universidad De California - Berkeley,1,TRUE
Universidad De Carabobo,Universidad De Carabobo,2,TRUE
Universidad De Catalunya,Universidad De Catalunya,2,TRUE
Universidad De Ciencias Aplicadas,Universidad Peruana De Ciencias Aplicadas,3,FALSE
Universidad De Ciencias Aplicadas - Epe,Universidad Peruana De Ciencias Aplicadas,1,FALSE
Universidad De Ciencias Aplicadas Upc,Universidad Peruana De Ciencias Aplicadas,3,FALSE
Universidad De Ciencias Y Humanidades,Universidad De Ciencias Y Humanidades,18,TRUE
Universidad De Costa Rica,Universidad De Costa Rica,3,TRUE
Universidad De Guadalajara,Universidad De Guadalajara,1,TRUE
Universidad De Huanuco,Universidad De Huanuco,3,TRUE
Universidad De Ingenieria,Universidad Nacional De Ingenieria,1,FALSE
Universidad De Ingenieria Y Tecnologia - Utec,Universidad De Ingenieria Y Tecnologia - Utec,10,TRUE
Universidad De La Rioja,Universidad De La Rioja,7,TRUE
Universidad De Lambayeque,Universidad De Lambayeque,3,TRUE
Universidad De Las Americas,Universidad De Las Americas,4,TRUE
Universidad De Leon,Universidad De Leon,1,TRUE
Universidad De Lima,Universidad De Lima,227,TRUE
Universidad De Los Andes,Universidad De Los Andes,2,TRUE
Universidad De Margarita,Universidad De Margarita,2,TRUE
Universidad De Medellin,Universidad De Medellin,2,TRUE
Universidad De Monterrey,Universidad De Monterrey,2,TRUE
Universidad De Oriente,Universidad De Oriente,7,TRUE
Universidad De Palermo,Universidad De Palermo,3,TRUE
Universidad De Piura,Universidad De Piura,19,TRUE
Universidad De Piura - Campus Lima,Universidad De Piura,1,FALSE
Universidad De Piura (Lima),Universidad De Piura,1,FALSE
Universidad De Piura (Udep),Universidad De Piura,1,FALSE
Universidad De Piura Campus Lima,Universidad De Piura,1,FALSE
Universidad De Piura(Udep),Universidad De Piura,4,FALSE
Universidad De Piura. Campus - Lima,Universidad De Piura,1,FALSE
Universidad De Quebec,Universidad De Quebec,2,TRUE
Universidad De Salamanca,Universidad De Salamanca,1,TRUE
Universidad De San Martin De Porres,Universidad De San Martin De Porres,198,TRUE
Universidad De San Pedro,Universidad De San Pedro,1,TRUE
Universidad De Santander,Universidad De Santander,1,TRUE
Universidad De Tarapaca,Universidad De Tarapaca,1,TRUE
Universidad De Valladolid,Universidad De Valladolid,1,TRUE
Universidad De Virginia,Universidad De Virginia,2,TRUE
Universidad Del Azuay,Universidad Del Azuay,1,TRUE
Universidad Del Desarrollo,Universidad Del Desarrollo,1,TRUE
Universidad Del Pacifico,Universidad Del Pacifico,114,TRUE
Universidad Del Valle,Universidad Del Valle,1,TRUE
Universidad Del Zulia,Universidad Del Zulia,1,TRUE
Universidad Eafit,Universidad Eafit,1,TRUE
Universidad Esan,Universidad Esan,245,TRUE
Universidad Europea De Madrid,Universidad Europea De Madrid,14,TRUE
Universidad Europea Del Atlantico,Universidad Europea Del Atlantico,4,TRUE
Universidad Experimental De Las Fuerzas Armadas,Universidad Experimental De Las Fuerzas Armadas,1,TRUE
Universidad Femenina Del Sagrado Corazon,Universidad Femenina Del Sagrado Corazon,10,TRUE
Universidad Femenina Del Sagrado Corazon - Unife,Universidad Femenina Del Sagrado Corazon,1,FALSE
Universidad Fermin Toro,Universidad Fermin Toro,1,TRUE
Universidad Inca Garcilaso De La Vega,Universidad Inca Garcilaso De La Vega,173,TRUE
Universidad Inca Garcilazo De La Vega,Universidad Inca Garcilaso De La Vega,1,FALSE
Universidad Industrial De Santander,Universidad Industrial De Santander,2,TRUE
Universidad Internacional De La Rioja,Universidad Internacional De La Rioja,3,TRUE
Universidad Internacional De La Rioja - Unir,Universidad Internacional De La Rioja,1,FALSE
Universidad Internacional De Valencia,Universidad Internacional De Valencia,6,TRUE
Universidad Jaime Bausate Y Meza,Universidad Jaime Bausate Y Meza,1,TRUE
Universidad Jose Antonio Paez,Universidad Jose Antonio Paez,5,TRUE
Universidad Jose Antonio Paez (Ujap),Universidad Jose Antonio Paez,1,FALSE
Universidad Jose Faustino Sanchez Carrion,Universidad Nacional Jose Faustino Sanchez Carrion,5,FALSE
Universidad Jose Faustino Sanchez Carrion - Huacho,Universidad Nacional Jose Faustino Sanchez Carrion,28,FALSE
Universidad Jose Maria Vargas,Universidad Jose Maria Vargas,1,TRUE
Universidad La Catolica Sede Sapientiae,Universidad Catolica Sedes Sapientiae,1,FALSE
Universidad La Salle,Universidad La Salle De Barcelona,2,FALSE
Universidad La Salle De Barcelona,Universidad La Salle De Barcelona,3,TRUE
Universidad Las Americas,Universidad Las Americas,1,TRUE
Universidad Las Peruana Americas,Universidad Las Americas,2,FALSE
Universidad Latinoamericana De Ciencia Y Tecnologia,Universidad Latinoamericana De Ciencia Y Tecnologia,2,TRUE
Universidad Le Cordon Bleu,Universidad Le Cordon Bleu,1,TRUE
Universidad Los Angeles De Chimbote,Universidad Los Angeles De Chimbote,3,TRUE
Universidad Marcelino Champagnat,Universidad Marcelino Champagnat,8,TRUE
Universidad Mayor De San Marcos,Universidad Mayor De San Marcos,24,TRUE
Universidad Metropolitana,Universidad Metropolitana,4,TRUE
Universidad N. Wiener,Universidad Norbert Wiener,11,FALSE
Universidad Nac. Jose Faustino Sanchez Carrion,Universidad Nacional Jose Faustino Sanchez Carrion,1,FALSE
Universidad Naciona Del Callao,Universidad Nacional De Callao,1,FALSE
Universidad Nacional &Quot;Jose Faustino Sanchez Carrion&Quot;,Universidad Nacional Jose Faustino Sanchez Carrion,1,FALSE
Universidad Nacional Abierta,Universidad Nacional Abierta,2,TRUE
Universidad Nacional Agraria De La Selva,Universidad Nacional Agraria De La Selva,4,TRUE
Universidad Nacional Agraria La Molina,Universidad Nacional Agraria La Molina,34,TRUE
Universidad Nacional Daniel Alcides Carrion,Universidad Nacional Daniel Alcides Carrion,3,TRUE
Universidad Nacional De Cajamarca,Universidad Nacional De Cajamarca,12,TRUE
Universidad Nacional De Callao,Universidad Nacional De Callao,9,TRUE
Universidad Nacional De Educacion Enrique Guzman Y Valle - La Cantuta,Universidad Nacional De Educacion Enrique Guzman Y Valle - La Cantuta,12,TRUE
Universidad Nacional De Ingenieria,Universidad Nacional De Ingenieria,206,TRUE
Universidad Nacional De Ingenieria - Ceps,Universidad Nacional De Ingenieria,2,FALSE
Universidad Nacional De Ingenieria - Infouni,Universidad Nacional De Ingenieria,1,FALSE
Universidad Nacional De La Amazonia Peruana,Universidad Nacional De La Amazonia Peruana,2,TRUE
Universidad Nacional De Moquegua,Universidad Nacional De Moquegua,3,TRUE
Universidad Nacional De Piura,Universidad Nacional De Piura,26,TRUE
Universidad Nacional De San Agustin,Universidad Nacional San Agustin De Arequipa,1,FALSE
Universidad Nacional De San Agustin De Arequipa,Universidad Nacional San Agustin De Arequipa,1,FALSE
Universidad Nacional De San Antonio Abad Del Cusco,Universidad Nacional De San Antonio Abad Del Cusco,2,TRUE
Universidad Nacional De San Aug,Universidad Nacional De San Aug,1,TRUE
Universidad Nacional De San Cristobal De Huamanga,Universidad Nacional De San Cristobal De Huamanga,4,TRUE
Universidad Nacional De San Martin,Universidad Nacional De San Martin,10,TRUE
Universidad Nacional De Trujillo,Universidad Nacional De Trujillo,45,TRUE
Universidad Nacional De Trujillo - Unt,Universidad Nacional De Trujillo,1,FALSE
Universidad Nacional De Trujilo,Universidad Nacional De Trujillo,3,FALSE
Universidad Nacional De Tumbes,Universidad Nacional De Tumbes,4,TRUE
Universidad Nacional De Ucayali,Universidad Nacional De Ucayali,1,TRUE
Universidad Nacional Del Altiplano - Puno,Universidad Nacional Del Altiplano - Puno,8,TRUE
Universidad Nacional Del Callao,Universidad Nacional Del Callao,103,TRUE
Universidad Nacional Del Centro Del Peru,Universidad Nacional Del Centro Del Peru,21,TRUE
Universidad Nacional Del Santa,Universidad Nacional Del Santa,15,TRUE
Universidad Nacional Exp De Guayana,Universidad Nacional Exp De Guayana,2,TRUE
Universidad Nacional Exp De Los Llanos Centrales Romulo Gallegos,Universidad Nacional Exp De Los Llanos Centrales Romulo Gallegos,1,TRUE
Universidad Nacional Exp Politecnica De La Fuerza Armada Nacional,Universidad Nacional Experimental Politecnica De La Fuerza Armada Nacional,3,FALSE
Universidad Nacional Exp Romulo Gallegos,Universidad Nacional Exp Romulo Gallegos,3,TRUE
Universidad Nacional Experimental De Los Llanos Occidentales Ezequiel Zamora,Universidad Nacional Experimental De Los Llanos Occidentales Ezequiel Zamora,1,TRUE
Universidad Nacional Experimental Del Yaracuy,Universidad Nacional Experimental Del Yaracuy,1,TRUE
Universidad Nacional Experimental Politecnica Antonio Jose De Sucre,Universidad Nacional Experimental Politecnica Antonio Jose De Sucre,1,TRUE
Universidad Nacional Experimental Politecnica De La Fuerza Armada Nacional,Universidad Nacional Experimental Politecnica De La Fuerza Armada Nacional,3,TRUE
Universidad Nacional Experimental Rafael Maria Baralt,Universidad Nacional Experimental Rafael Maria Baralt,3,TRUE
Universidad Nacional Experimental Romulo Gallegos,Universidad Nacional Experimental Romulo Gallegos,2,TRUE
Universidad Nacional Experimental Simon Bolivar,Universidad Nacional Experimental Simon Bolivar,2,TRUE
Universidad Nacional Expl Simon Rodriguez,Universidad Nacional Expl Simon Rodriguez,1,TRUE
Universidad Nacional Federico Villareal,Universidad Nacional Federico Villarreal,2,FALSE
Universidad Nacional Federico Villarreal,Universidad Nacional Federico Villarreal,189,TRUE
Universidad Nacional Hermilio Valdizan Huanuco,Universidad Nacional Hermilio Valdizan Huanuco,2,TRUE
Universidad Nacional Jorge Basadre Grohmann,Universidad Nacional Jorge Basadre Grohmann,3,TRUE
Universidad Nacional Jose F Sanchez Carrion,Universidad Nacional Jose Faustino Sanchez Carrion,1,FALSE
Universidad Nacional Jose Faustino,Universidad Nacional Jose Faustino Sanchez Carrion,1,FALSE
Universidad Nacional Jose Faustino Sanchez Carrion,Universidad Nacional Jose Faustino Sanchez Carrion,9,TRUE
Universidad Nacional Jose Maria Arguedas,Universidad Nacional Jose Maria Arguedas,2,TRUE
Universidad Nacional Mayor De San,Universidad Nacional Mayor De San Marcos,1,FALSE
Universidad Nacional Mayor De San Marcos,Universidad Nacional Mayor De San Marcos,308,TRUE
Universidad Nacional Mayor De San Marcos - Unmsm,Universidad Nacional Mayor De San Marcos,4,FALSE
Universidad Nacional Mayor De San Marcos (Unmsm),Universidad Nacional Mayor De San Marcos,1,FALSE
Universidad Nacional Micaela Bastidas De Apurimac,Universidad Nacional Micaela Bastidas De Apurimac,7,TRUE
Universidad Nacional Pedro Ruiz Gallo,Universidad Nacional Pedro Ruiz Gallo,39,TRUE
Universidad Nacional Pedro Ruiz Gallo - Lambayeque,Universidad Nacional Pedro Ruiz Gallo,17,FALSE
Universidad Nacional San Agustin De Arequipa,Universidad Nacional San Agustin De Arequipa,27,TRUE
Universidad Nacional San Antonio Abad De Cusco,Universidad Nacional De San Antonio Abad Del Cusco,4,FALSE
Universidad Nacional San Luis Gonzaga - Ica,Universidad Nacional San Luis Gonzaga De Ica,45,FALSE
Universidad Nacional San Luis Gonzaga De Ica,Universidad Nacional San Luis Gonzaga De Ica,7,TRUE
Universidad Nacional Santiago Antunez De Mayolo,Universidad Nacional Santiago Antunez De Mayolo,3,TRUE
Universidad Nacional Tecnologica De Lima Sur,Universidad Nacional Tecnologica De Lima Sur,9,TRUE
Universidad Nacional Tecnologica De Lima Sur (U...,Universidad Nacional Tecnologica De Lima Sur,1,FALSE
Universidad Nacional Tecnologica Del Cono Sur De Lima (Untecs),Universidad Nacional Tecnologica De Lima Sur,1,FALSE
Universidad Norbert Wiener,Universidad Norbert Wiener,23,TRUE
Universidad Nororiental Gran Mariscal De Ayacucho,Universidad Nororiental Gran Mariscal De Ayacucho,1,TRUE
Universidad Nueva Esparta,Universidad Nueva Esparta,1,TRUE
Universidad Particular Cesar Vallejo,Universidad Cesar Vallejo,2,FALSE
Universidad Particular De Chiclayo,Universidad Particular De Chiclayo,1,TRUE
Universidad Particular Ricardo Palma,Universidad Ricardo Palma,4,FALSE
Universidad Pedro Ruiz Gallo - Lambayeque,Universidad Nacional Pedro Ruiz Gallo,1,FALSE
Universidad Peruana Cayetano Heredia,Universidad Peruana Cayetano Heredia,18,TRUE
Universidad Peruana De Ciencias Aplicadas,Universidad Peruana De Ciencias Aplicadas,585,TRUE
Universidad Peruana De Ciencias Aplicadas - Upc,Universidad Peruana De Ciencias Aplicadas,2,FALSE
Universidad Peruana De Ciencias Aplicadas (Upc),Universidad Peruana De Ciencias Aplicadas,4,FALSE
Universidad Peruana De Ciencias Aplicadas Upc,Universidad Peruana De Ciencias Aplicadas,1,FALSE
Universidad Peruana De Ciencias E Informatica,Universidad Peruana De Ciencias E Informatica,12,TRUE
Universidad Peruana De Ciencias Informatica,Universidad Peruana De Ciencias E Informatica,1,FALSE
Universidad Peruana De Integracion Global,Universidad Peruana De Integracion Global,2,TRUE
Universidad Peruana De Investigacion Y Negocios,Universidad Peruana De Investigacion Y Negocios,6,TRUE
Universidad Peruana De Las Americas,Universidad Peruana De Las Americas,36,TRUE
Universidad Peruana Del Norte,Universidad Peruana Del Norte,3,TRUE
Universidad Peruana Del Oriente,Universidad Peruana Del Oriente,5,TRUE
Universidad Peruana Los Andes - Upla,Universidad Peruana Los Andes - Upla,20,TRUE
Universidad Peruana Simon Bolibar,Universidad Peruana Simon Bolivar,1,FALSE
Universidad Peruana Simon Bolivar,Universidad Peruana Simon Bolivar,1,TRUE
Universidad Peruana Union,Universidad Peruana Union,11,TRUE
Universidad Peruana Union - Upeu,Universidad Peruana Union - Upeu,4,TRUE
Universidad Politecnica De Cataluna,Universidad Politecnica De Cataluna,9,TRUE
Universidad Politecnica De Catalunya - Espana,Universidad Politecnica De Catalunya - Espana,1,TRUE
Universidad Politecnica De Madrid,Universidad Politecnica De Madrid,4,TRUE
Universidad Politecnica De Valencia,Universidad Politecnica De Valencia,4,TRUE
Universidad Pontificia Bolivariana,Universidad Pontificia Bolivariana,2,TRUE
Universidad Pontificia Comillas (Icai-Icade),Universidad Pontificia Comillas (Icai-Icade),1,TRUE
Universidad Privada Ada A. Byron,Universidad Privada Ada A. Byron,6,TRUE
Universidad Privada Alejandro De Humboldt,Universidad Privada Alejandro De Humboldt,1,TRUE
Universidad Privada Antenor Orrego,Universidad Privada Antenor Orrego,5,TRUE
Universidad Privada Antenor Orrego - Trujillo,Universidad Privada Antenor Orrego,36,FALSE
Universidad Privada Antenor Orrego - Upao,Universidad Privada Antenor Orrego,1,FALSE
Universidad Privada Antonio Guillermo Urrelo,Universidad Privada Antonio Guillermo Urrelo,1,TRUE
Universidad Privada Autonoma Del Peru,Universidad Autonoma Del Peru,1,FALSE
Universidad Privada Cesar Vallejo,Universidad Cesar Vallejo,2,FALSE
Universidad Privada Cesar Vallejo - Trujillo,Universidad Cesar Vallejo,4,FALSE
Universidad Privada De Cienascias Aplicadas,Universidad Peruana De Ciencias Aplicadas,15,FALSE
Universidad Privada De Ciencias Aplicadas,Universidad Peruana De Ciencias Aplicadas,2,FALSE
Universidad Privada De Margarita,Universidad Privada De Margarita,1,TRUE
Universidad Privada De Piura,Universidad De Piura,35,FALSE
Universidad Privada De Pucallpa,Universidad Privada De Pucallpa,1,TRUE
Universidad Privada De Tacna,Universidad Privada De Tacna,8,TRUE
Universidad Privada Del Norte,Universidad Privada Del Norte,304,TRUE
Universidad Privada Del Norte - Upn,Universidad Privada Del Norte,2,FALSE
Universidad Privada Dr. Rafael Belloso Chacin,Universidad Privada Dr. Rafael Belloso Chacin,1,TRUE
Universidad Privada Franz Tamayo,Universidad Privada Franz Tamayo,1,TRUE
Universidad Privada Jose Antonio Paez,Universidad Privada Jose Antonio Paez,1,TRUE
Universidad Privada Juan Mejia Baca,Universidad Privada Juan Mejia Baca,1,TRUE
Universidad Privada Los Angeles - Chimbote,Universidad Privada Los Angeles - Chimbote,10,TRUE
Universidad Privada Nolbert Wiener,Universidad Norbert Wiener,1,FALSE
Universidad Privada Norbert Wiener,Universidad Norbert Wiener,2,FALSE
Universidad Privada Peruano Alemana,Universidad Privada Peruano Alemana,1,TRUE
Universidad Privada San Ignacio De Loyola,Universidad San Ignacio Del Loyola,1,FALSE
Universidad Privada San Juan Bautista,Universidad Privada San Juan Bautista,56,TRUE
Universidad Privada San Juan Bautista - Upsjb,Universidad Privada San Juan Bautista,1,FALSE
Universidad Privada San Pedro,Universidad Privada San Pedro,10,TRUE
Universidad Privada Sergio Bernales,Universidad Privada Sergio Bernales,1,TRUE
Universidad Privada Telesup,Universidad Privada Telesup,36,TRUE
Universidad Prosegur,Universidad Prosegur,1,TRUE
Universidad Rafael Belloso Chacin,Universidad Rafael Belloso Chacin,2,TRUE
"Universidad Ramon Llul La Salle - Espana, Barcelona",Universidad La Salle De Barcelona,1,FALSE
"Universidad Ramon Llull - La Salle, Barcelona",Universidad La Salle De Barcelona,1,FALSE
Universidad Rey Juan Carlos,Universidad Rey Juan Carlos,8,TRUE
Universidad Rey Juan Carlos - Iebs,Universidad Rey Juan Carlos,1,FALSE
Universidad Ricardo Palma,Universidad Ricardo Palma,191,TRUE
Universidad Ricardo Palma - Urp,Universidad Ricardo Palma,1,FALSE
Universidad San Ignacio De Loyola,Universidad San Ignacio Del Loyola,141,FALSE
Universidad San Ignacio De Loyola - Usil,Universidad San Ignacio Del Loyola,6,FALSE
Universidad San Ignacio Del Loyola,Universidad San Ignacio Del Loyola,110,TRUE
Universidad San Juan Bautista,Universidad San Juan Bautista,1,TRUE
Universidad San Luis Gonzaga De Ica,Universidad Nacional San Luis Gonzaga De Ica,1,FALSE
Universidad San Marcos,Universidad Nacional Mayor De San Marcos,1,FALSE
Universidad San Martin De Porres,Universidad De San Martin De Porres,17,FALSE
Universidad San Martin Porras,Universidad De San Martin De Porres,1,FALSE
Universidad San Pedro,Universidad San Pedro,4,TRUE
Universidad San Pedro De Chimbote,Universidad San Pedro,1,FALSE
Universidad Santa Maria,Universidad Santa Maria,4,TRUE
Universidad Santo Domingo De Guzman,Universidad Santo Domingo De Guzman,2,TRUE
Universidad Senor De Sipan,Universidad Senor De Sipan,24,TRUE
Universidad Simon Bolivar,Universidad Peruana Simon Bolivar,2,FALSE
Universidad Tecnologica De La Habana,Universidad Tecnologica De La Habana,1,TRUE
Universidad Tecnologica De Lima Sur,Universidad Nacional Tecnologica De Lima Sur,1,FALSE
Universidad Tecnologica De Los Andes,Universidad Tecnologica De Los Andes,4,TRUE
Universidad Tecnologica De Puerto Cabello,Universidad Tecnologica De Puerto Cabello,1,TRUE
Universidad Tecnologica Del Peru,Universidad Tecnologica Del Peru,363,TRUE
Universidad Tecnologica Del Peru - Utp,Universidad Tecnologica Del Peru,2,FALSE
Universidad Tecnologica Del Peru Utp,Universidad Tecnologica Del Peru,3,FALSE
Universidad Tecnologica Del Peru(Utp),Universidad Tecnologica Del Peru,2,FALSE
Universidad Tecnologica Latinoamericana,Universidad Tecnologica Latinoamericana,1,TRUE
Universidad Tecnologica Nacional,Universidad Tecnologica Nacional,3,TRUE
Universidad Tecnologico Del Centro,Universidad Tecnologico Del Centro,1,TRUE
Universidad Tegnologica Del Peru,Universidad Tecnologica Del Peru,1,FALSE
Universidad Telesup,Universidad Privada Telesup,2,FALSE
Universidad Wiener,Universidad Norbert Wiener,3,FALSE
Universidade Anhembi-Morumbi,Universidad Anhembi Morumbi,1,FALSE
Universidade Catolica De Brasilia,Universidade Catolica De Brasilia,1,TRUE
Universidade Federal Da Bahia - Ufba,Universidade Federal Da Bahia - Ufba,2,TRUE
Universidade Federal Do Rio Grande Do Sul,Universidade Federal Do Rio Grande Do Sul - Ufrgs,2,FALSE
Universidade Federal Do Rio Grande Do Sul - Ufrgs,Universidade Federal Do Rio Grande Do Sul - Ufrgs,2,TRUE
Universita Degli Studi Di Cassino,Universita Degli Studi Di Cassino,1,TRUE
Universitat Augsburg,Universitat Augsburg,1,TRUE
Universitat Autonoma De Barcelona,Universitat Autonoma De Barcelona,2,TRUE
Universitat De Barcelona,Universitat De Barcelona,3,TRUE
Universitat Obierta De Cataluniya,Universitat Obierta De Cataluniya,1,TRUE
Universitat Politecnica De Valencia,Universitat Politecnica De Valencia,1,TRUE
Universitat Ramon Llull,Universitat Ramon Llull,4,TRUE
Universite Catholique De Lyon,Universite Catholique De Lyon,1,TRUE
Universite Du Quebec A Montreal,Universite Du Quebec A Montreal,4,TRUE
University,University,1,TRUE
University Of Arizona,University Of Arizona,1,TRUE
University Of California Berkeley,University Of California Berkeley,1,TRUE
University Of California San Diego,University Of California San Diego,1,TRUE
University Of Cambridge,University Of Cambridge,1,TRUE
University Of Miami (Fl),University Of Miami (Fl),1,TRUE
University Of Minnesota,University Of Minnesota,1,TRUE
University Of Pennsylvania,University Of Pennsylvania,1,TRUE
University Of Queensland,University Of Queensland,1,TRUE
University Of Reading,University Of Reading,1,TRUE
University Of Texas Austin,University Of Texas Austin,3,TRUE
University Of Victoria,University Of Victoria,2,TRUE
University Of Virginia,University Of Virginia,2,TRUE
University Of Virginia Darden School Of Business,University Of Virginia Darden School Of Business,1,TRUE
Univesidad Jose Faustino Sanchez Carrion,Universidad Nacional Jose Faustino Sanchez Carrion,1,FALSE
Univesidad Privada Cesar Vallejo,Universidad Cesar Vallejo,2,FALSE
Univesidad San Ignacio De Loyola,Universidad San Ignacio Del Loyola,1,FALSE
Unjfsc,Universidad Nacional Jose Faustino Sanchez Carrion,18,FALSE
Unmsm,Universidad Nacional Mayor De San Marcos,12,FALSE
Unp,Universidad Nacional De Piura,2,FALSE
Unprg,Universidad Nacional Pedro Ruiz Gallo,1,FALSE
Unsa,Universidad Nacional San Agustin De Arequipa,1,FALSE
Untecs,Universidad Nacional Tecnologica De Lima Sur,10,FALSE
Untels,Universidad Nacional Tecnologica De Lima Sur,6,FALSE
Upal,Universidad Privada Peruano Alemana,1,FALSE
Upao,Universidad Privada Antenor Orrego,4,FALSE
Upc,Universidad Peruana De Ciencias Aplicadas,300,FALSE
Upc - Epe,Universidad Peruana De Ciencias Aplicadas,1,FALSE
Upc - Universidad Peruana De Ciencias Aplicadas,Universidad Peruana De Ciencias Aplicadas,11,FALSE
Upci,Universidad Peruana De Ciencias E Informatica,4,FALSE
Upn,Universidad Privada Del Norte,5,FALSE
Upt Aragua,Upta Federico Brito Figueroa,1,FALSE
"Upta ""Federico Brito Figueroa"" (Upta)",Upta Federico Brito Figueroa,1,FALSE
Upta Federico Brito Figueroa,Upta Federico Brito Figueroa,4,TRUE
Urjc,Universidad Rey Juan Carlos,4,FALSE
Urp,Universidad Ricardo Palma,1,FALSE
Usat,Universidad Catolica Santo Toribio De Mogrovejo,2,FALSE
Usil,Universidad San Ignacio Del Loyola,69,FALSE
Usil - Cpel,Universidad San Ignacio Del Loyola,1,FALSE
Usil - Modalidad Cpel,Universidad San Ignacio Del Loyola,1,FALSE
Usil - Universidad San Ignacio De Loyola,Universidad San Ignacio Del Loyola,1,FALSE
Usmp,Universidad De San Martin De Porres,2,FALSE
"Usmp- Facultad De Ciencias De La Comunicacion,...",Universidad De San Martin De Porres,1,FALSE
Utah State University,Utah State University,1,TRUE
Utec,Universidad De Ingenieria Y Tecnologia - Utec,2,FALSE
Utel,Utel,7,TRUE
Utp,Universidad Tecnologica Del Peru,168,FALSE
Uvm - Universidad Del Valle De Mexico,Uvm - Universidad Del Valle De Mexico,1,TRUE
Valfrat It,Valfrat It,1,TRUE
Valores Formacion Y Psicoterapia Contextual,Valores Formacion Y Psicoterapia Contextual,1,TRUE
Vanzys,Vanzys,1,TRUE
Villa El Salvador,Villa El Salvador,1,TRUE
Vmware,Vmware Learning,2,FALSE
Vmware Learning,Vmware Learning,1,TRUE
Von Braun,Von Braun,1,TRUE
We Consulting,We Educacion Ejecutiva,1,FALSE
We Educacion Ejecutiva,We Educacion Ejecutiva,3,TRUE
We Educacionejecutiva,We Educacion Ejecutiva,1,FALSE
We Ejecutiva,We Educacion Ejecutiva,1,FALSE
Web &Amp; Business Empire S.A.C.,Web &Amp; Business Empire S.A.C.,1,TRUE
Wernher Von Braun,Wernher Von Braun,1,TRUE
Wiener,Universidad Norbert Wiener,6,FALSE
Xerox Learning,Xerox Learning,2,TRUE
Zeegel Ipae,Instituto Peruano De Accion Empresarial - Ipae,1,FALSE
Zegel Ipae,Instituto Peruano De Accion Empresarial - Ipae,13,FALSE
