origin,destiny
(Huawei),Huawei
Ab Technology Sac,Wasy Technology Sac
Abc Consultores,Consultor
Abc Consultores,H&Amp;E Consultores
Abc Consultores,Tpa Consultores
Abc Consultores,Vc Consultores Tic
Accenture,Accenture Peru
Acceso Crediticio S.A,Acceso Crediticio Sa
Activiza,Ativa
Adecco Consulting,Adecco Consulting S.A.
Adecco Consulting,Bdo Consulting
Adecco Consulting S.A.,Mdp Consulting S.A
Adecco Consulting S.A.,Mdp Consulting S.A.C
Adexus Peru S.A.,Adexus Peru Sa
Ai Inversiones Palo Alto Ii S.A.C.,Ai Inversiones Palo Alto Ii S.A.C. (Canvia)
Ai Inversiones Palo Alto Ii S.A.C.,Ai Inversiones Palo Alto Ii Sac (Canvia)
Ai Inversiones Palo Alto Ii S.A.C.,Ai Inversiones Palo Santo
Ai Inversiones Palo Alto Ii S.A.C. (Canvia),Ai Inversiones Palo Alto Ii Sac (Canvia)
Ajeper,Ajeper S.A
Alicorp,Alicorp S.A
Alicorp,Alicorp S.A.
Alicorp,Alicorp Saa
Alicorp S.A,Alicorp S.A.
Alicorp S.A,Alicorp S.A.A
Alicorp S.A,Alicorp S.A.A.
Alicorp S.A,Alicorp Saa
Alicorp S.A.,Alicorp S.A.A
Alicorp S.A.,Alicorp S.A.A.
Alicorp S.A.,Alicorp Saa
Alicorp S.A.A,Alicorp S.A.A.
Alicorp Saa,Alimencorp Sac
Alteliza,Alteliza Home
Alternativa Tecnologica,Avantica Technologies
Alvida S.A,Avla S.A.
America Movil,America Movil Peru
America Movil,America Movil Peru Sac
America Movil Peru,America Movil Peru (Claro Peru)
America Movil Peru,America Movil Peru S.A.C.
America Movil Peru,America Movil Peru Sac
America Movil Peru (Claro Peru),America Movil Peru Sac
America Movil Peru S.A.C.,America Movil Peru S.A.C. - Claro
America Movil Peru S.A.C.,America Movil Peru Sac
America Movil Peru S.A.C. - Claro,America Movil Peru Sac
Americatel Del Peru,Pertel Del Peru
Anovo Peru S.A.C,Anovo Peru Sac.
Anovo Peru S.A.C,Bdo Peru S.A.C
Anovo Peru S.A.C,Bpo Peru S.A.C
Aqh Consulting,Mdp Consulting
Aqh Consulting,Ti Consulting
Aqh Consulting,Zat Consulting
Arcadis Peru,Fridays Peru
Arcadis Peru,Siscard Peru
Arqsoft Consultores,Arqsoft Consultores Sac
Artesco S.A.,Precor S.A.
Asesores -E,Asesores-E
Assist Card Peru,Assistcard Peru
Assistcard Peru,Astara Peru
Assistcard Peru,Siscard Peru
Atos Peru,Tsoft Peru
Avance Legal,Avance Legal S.A.C.
Ayesa Peru,Gea Peru
Ayesa S.A.C.,Matysger S.A.C.
Aynitech,Aynitech S.A.
Azteca Comunicaciones Peru,Azteca Comunicaciones Peru S.A.C
Background Consultores,Background Consultores S.A.C
Backus,Backus Sac
Bafing,Bafing Sac
Baires Sac,Bairesa Sac
Bairesa Sac,Caesa Sac
Banco Credito Del Peru,Banco De Credito Del Peru
Banco Credito Del Peru,Banco Del Credito Del Peru
Banco De Comercio,Banco De Credito
Banco De Credito,Banco De Credito Del Peru
Banco De Credito,Banco Del Credito Del Peru
Banco De Credito Del Peru,Banco De Credito Del Peru - Bcp
Banco De Credito Del Peru,Banco Del Credito Del Peru
Banco Falabella,Banco Falabella Peru
Banco Falabella,Banco Falabella Peru S.A.
Banco Falabella Peru,Banco Falabella Peru S.A.
Banco Interamericano De Finanza Banbif,Banco Interamericano De Finanzas
Banco Interamericano De Finanza Banbif,Banco Interamericano De Finanzas (Banbif)
Banco Interamericano De Finanzas,Banco Interamericano De Finanzas (Banbif)
Banco Pichincha,Banco Pichincha (Via Evol)
Banco Pichincha,Banco Pichincha - Ecuador
Banco Pichincha,Banco Pichincha Del Peru
Banco Ripley,Banco Ripley Del Peru
Banco Ripley,Banco Ripley Mdp
Banco Ripley,Banco Ripley S.A
Banco Ripley,Banco Ripley Sac
Banco Ripley Mdp,Banco Ripley S.A
Banco Ripley Mdp,Banco Ripley Sac
Banco Ripley S.A,Banco Ripley Sac
Bbva - Continental,Bbva Continental
Bcp - Banco De Credito Del Peru,Bcp Banco De Credito Del Peru
Bcts Consulting,Bdo Consulting
Bcts Consulting,Ids Consulting
Bcts Consulting,Kaits Consulting
Bcts Consulting,Rsk Consulting
Bdo Consulting,Ids Consulting
Bdo Consulting,Mdp Consulting
Bdo Peru S.A.C,Bpo Peru S.A.C
Bdo Peru S.A.C,Kolff Peru S.A.C.
Belcorp,Celucorp
Binsa,Minsa
Bionet S.A.,Dinet S.A.
Bisa Ingenieria De Proyectos,Bisa Ingenieria Y Proyectos
Bitacore S.A.C,Seratic S.A.C
Bitel Peru,Entel Peru
Bluetab,Bluetab Peru
Bluetab Ibm Company,"Bluetab, An Ibm Company"
Bluetab Solutions,Bluetab Solutions Peru
Bmp Consulting Sac,Mdp Consulting S.A
Bmp Consulting Sac,Mdp Consulting Sac
Bmp Consulting Sac,Tawa Consulting Sac.
Bpo Peru S.A.C,Kolff Peru S.A.C.
Bps Consultores,H&Amp;E Consultores
Bps Consultores,Js Consultors
Bps Consultores,Tpa Consultores
Business Analytics,Business Analytics Sac
Bwit Peru Sac,Gfi Peru Sac
Bwit Peru Sac,Gta Peru Sac
Bwit Peru Sac,Hitss Peru Sac
Bwit Peru Sac,Soaint Peru Sac
C&Amp;J Constructores,Cyj Constructores
Caja Cencosud Del Grupo Scotibank,Caja Cencosud Scotiabank
Caja Metropolitana,Caja Metropolitana De Lima
Caja Municipal De Ahorro Y Credito De Ica,Caja Municipal De Ahorro Y Credito De Tacna
Caja Municipal De Ahorro Y Credito De Ica,Caja Municipal De Ahorro Y Credito De Tacna S.A.
Caja Municipal De Ahorro Y Credito De Ica,Caja Municipal De Creditos Y Ahorros De Maynas
Caja Municipal De Ahorro Y Credito De Tacna,Caja Municipal De Ahorro Y Credito De Tacna S.A.
Caja Municipal De Ahorro Y Credito De Tacna,Caja Municipal De Creditos Y Ahorros De Maynas
Caja Municipal De Ahorro Y Credito De Tacna S.A.,Caja Municipal De Creditos Y Ahorros De Maynas
Camposol,Camposol S.A.
Canvia,Canvia Sa
Cartones Del Pacifico,Cartones Del Pacifico S.A.C.
Casa Andina,Casa Andina Hoteles
Celer,Celer Sac
Celer Sac,Reliper Sac
Celima S.A.,Celsa S.A
Cencosud Retail Peru,Cencosud Retail S.A.
Cens,Cns
Centria,Ceti
Centro De Sistemas Y Negocios S.A. (Grupo Gloria),Centro De Sistemas Y Negocios S.A. - Grupo Gloria
Centro De Sistemas Y Negocios S.A. (Grupo Gloria),Centro De Sistemas Y Negocios Sa
Centro De Sistemas Y Negocios S.A. - Grupo Gloria,Centro De Sistemas Y Negocios Sa
Centro Nacional De Servicios,Centro Nacional De Servicios - Cns
Centrum Pucp,Centrum Pupc
Century 21,Century21
Ceragon Networks,Mego Networks
Certicom,Certicom Lima
Certicom,Certicom Sac
Certicom Lima,Certicom Sac
Cfg-Copeinca,Cfg-Copeinca S.A.C
Cfg-Copeinca,Copeinca
Chain Services Ti S.A.C - Csti,Chain Services Ti S.A.C. - Csti
Cibernos Peru Sac,Cibertec Peru Sac
Cibernos Peru Sac,Everis Peru Sac
Cibertec Peru S.A.C,Cibertec Peru Sac
Cicsa Peru Sac,Cicsa Peru Sac.
Cicsa Peru Sac,Hitss Peru Sac
Cimacom,Cimacom Data
Cinte - Ibm - Banco De Credito,Cinte-Ibm-Banco De Credito
Claro Peru,Cobra Peru
Clinica Internacional,Clinica Internacional S.A
Clinica Internacional S.A,Clininica Internacional S.A.
Clinica San Felipe,Clinica San Gabriel
Clinica San Juan Bautista,Clinica San Juan De Dios
Clinica San Pablo - Surco,Clinica San Pablo S.A.C.
Club Tenis Las Terrazas Miraflores,Club Tennis Las Terrazas Miraflores
Cluster And Business Solutions,Cluster And Business Solutions S.A.C.
Cobra Peru,Cobra Peru Sa
Cobra Peru,Cobra Peru Sac
Cobra Peru,Cobraperu
Cobra Peru Sa,Cobra Peru Sac
Cobra Peru Sa,Cork Peru Sa
Cobra Peru Sac,Cork Peru Sa
Cobra Peru Sac,Indra Peru Sac
Colegio De Ingenieros - Cdll,Colegio De Ingenieros Del Peru
Colegio De Ingenieros Del Peru,Colegio Ingenieros Del Peru
Comarch,Comarch Peru
Comercial Denia S.A,Comercial Denia S.A.C
Comercio Independiente,Proyecto Independiente
Comercio Independiente,Servicio Independiente
Compania Food Retail S.A.C.,Compania Food Retail Sac
Compania Minera Milpo Saa,Compania Minera Miskimayo
Compania Minera Milpo Saa,Compania Minera Raura
Comsatel Peru S.A.C.,Comsatel Peru Sac
Comsatel Peru S.A.C.,Roldem Peru S.A.C.
Comsatel Peru S.A.C.,Tesacom Peru S.A.C.
Comsatel Peru Sac,Comsatel Sac
Comsatel Peru Sac,Promet Peru Sac
Comsatel Peru Sac,Topsales Peru Sac
Confecciones Jm,Confecciones Textimax
Consolucion Sac,Consorcio Lac
Consorcio Hbo Sac,Consorcio Lac
Consorcio Minero Horizonte,Consorcio Minero Horizonte .S.A
Constructor S.A.C.,Constructora Mausaa S.A.
Constructora E Inmobiliaria Joshua,Constructora E Inmobiliaria Marcan
Constructora E Inmobiliaria Marcan,Inmobiliaria Y Contructora Marcan
Constructora Malaga Hnos S.A,Constructora Mausaa S.A.
Constructora P Y F Sac,Constructora Pawer Sac
Consultor,Consultora Csc
Consultor,Consultoria
Consultor,Consultoria Data
Consultor,Consultoria Ti
Consultor,Tpa Consultores
Consultor Independiente,Consultora Independiente
Consultor Independiente,Consultoria Independiente
Consultora Csc,Consultoria
Consultora Csc,Consultoria Ti
Consultora Independiente,Consultoria Independiente
Consultoria,Consultoria Data
Consultoria,Consultoria General
Consultoria,Consultoria Privada
Consultoria,Consultoria Ti
Consultoria Data,Consultoria Privada
Consultoria Data,Consultoria Ti
Consultoria Privada,Consultoria Ti
Consultorio Psicologico De La Unmsm,Consultorio Psicologico Libera Y Sana
Cooperativa De Ahorro Y Credito 15 De Setiembre,Cooperativa De Ahorro Y Credito Interfinco
Cooperativa De Ahorro Y Credito 15 De Setiembre,Cooperativa De Ahorro Y Credito Leon Xiii
Cooperativa De Ahorro Y Credito 15 De Setiembre,Cooperativa De Ahorro Y Creditos
Cooperativa De Ahorro Y Credito Interfinco,Cooperativa De Ahorro Y Credito Leon Xiii
Cooperativa De Ahorro Y Credito Interfinco,Cooperativa De Ahorro Y Creditos
Cooperativa De Ahorro Y Credito Interfinco,Cooperativa De Ahorro Y Creditos San Miguel
Cooperativa De Ahorro Y Credito Leon Xiii,Cooperativa De Ahorro Y Creditos
Cooperativa De Ahorro Y Credito Leon Xiii,Cooperativa De Ahorro Y Creditos San Miguel
Cooperativa De Ahorro Y Creditos,Cooperativa De Ahorro Y Creditos San Miguel
Coorporacion Sapia,Coorporacion Sapia (Cosapi Data)
Coorporacion Sapia,Corporacion Sapia
Corpol,Corpol Sa
Corporacion 1To1,Corporacion Ew
Corporacion 1To1,Corporacion Roots
Corporacion Asura,Corporacion Corrales
Corporacion Asura,Corporacion Ew
Corporacion Asura,Corporacion Olivares
Corporacion Asura,Corporacion Sealers
Corporacion Asura,Corporacion Usil
Corporacion Corrales,Corporacion Fonafe
Corporacion Corrales,Corporacion Olivares
Corporacion Corrales,Corporacion Sealers
Corporacion Dctech,Corporacion Jeruth
Corporacion Ew,Corporacion Meier
Corporacion Ew,Corporacion Roots
Corporacion Ew,Corporacion Sapia
Corporacion Ew,Corporacion Usil
Corporacion Fonafe,Corporacion Fonafe - Enaco S.A.
Corporacion Fonafe,Corporacion Solivan
Corporacion Jeruth,Corporacion Meier
Corporacion Meier,Corporacion Olivares
Corporacion Meier,Corporacion Panaservice
Corporacion Meier,Corporacion Sealers
Corporacion Meier,Corporacion Usil
Corporacion Olivares,Corporacion Panaservice
Corporacion Olivares,Corporacion Sealers
Corporacion Olivares,Corporacion Solivan
Corporacion Olivares,Corporacion Usil
Corporacion Panaservice,Corporacion Panaservice S.A.C
Corporacion Panaservice,Corporacion Sealers
Corporacion Rd Srl,Corporacion Sealers
Corporacion Roots,Corporacion Roots S.A.
Corporacion Roots,Corporacion Usil
Corporacion Sapia,Corporacion Sapia S.A.
Corporacion Sapia,Corporacion Sealers
Corporacion Sapia,Corporacion Solivan
Corporacion Sapia,Corporacion Usil
Cosapi Data,Cosapi Sa
Cosapi S.A,Cosapi S.A.
Cosapi S.A,Cosapi Sa
Cosapi S.A.,Cosapi Sa
Crosland,Crosland Sac
Crosland Sac,Crovisa Sac
Csti Corp,Csti Corp.
Csti Corp,Csti Group
Csti Corp,Csticorp
Csti Corp.,Csticorp
Cya Consulting,Data Consulting
Cya Consulting,Exxa Consulting
Cya Consulting,Page Consulting
Cya Consulting,Tawa Consulting
Cya Consulting,Zat Consulting
Daily Technology,Padisa Technology
Data Consulting,Exxa Consulting
Data Consulting,Page Consulting
Data Consulting,Pradera Consulting
Data Consulting,Tata Consulting(Rimac)
Data Consulting,Tawa Consulting
Data Consulting,Ti Consulting
Data Consulting,Zat Consulting
Datacont,Datacont S.A
Dca Publicidad,Orange Publicidad
Delfosti,Delosi
Deloitte &Amp; Touche,Deloitte &Amp; Touche S.R.L
Dimerc Peru S.A.C.,Dimerc Peru Sac
Dimerc Peru S.A.C.,Everis Peru S.A.C.
Dimerc Peru S.A.C.,Neoris Peru S.A.C.
Dinet S.A.,Mincetur S.A.
Direccion Regional De Educacion Cajamarca,Direccion Regional De Educacion Lima Provincia
Dms Peru Sac,Dominion Peru Sac
Dms Peru Sac,Gdm Peru Sac
Dms Peru Sac,Pss Peru Sac
Domiruth Travel,Domiruth Travel Service Sac
Dreams Corporation Sac,Dreams Corporation Sac- Casino New York
Dwconsulware,Dwconsulware Del Peru
Dyg Solutions,Itg Solutions
Dyg Solutions,Key Solutions
Efact,Efact Sac
Efact,Efc
Efact Sac,Enchufate Sac
Efact Sac,Exact Sac
Efitec,Efitec Ti
El Comercio,El Comercio Sa
Empresa Editora El Comercio,Empresa Editora El Comercio Sa
Enel Distribucion,Enel Distribucion Peru S.A.A.
Enotria S.A,Enotria S.A.
Enotria S.A,Enotria Sa
Enotria S.A,Enotria Sac
Enotria S.A.,Enotria Sa
Enotria S.A.,Enotria Sac
Enotria S.A.,Gloria S.A.
Enotria Sa,Enotria Sac
Entel,Entelgy
Entel Peru,Entel Peru S.A.
Entel Peru S.A.,Stantec Peru S.A.
Eralma Constructora,Tale Constructora
Ernest &Amp; Young,Ernst &Amp; Young
Ernest &Amp; Young,Ernst &Amp; Young (Ey)
Ernst &Amp; Young,Ernst &Amp; Young (Ey)
Everest S.A.S.,Everis S.A.
Everest S.A.S.,Everis S.A.C.
Everis,Everis Bpo
Everis,Everis S.A
Everis,Everis Sac
Everis - Bcp,Everis Bpo
Everis Peru,Everis Peru S.A.C
Everis Peru,Everis Peru S.A.C.
Everis Peru,Everis Peru Sac
Everis Peru,Experis Peru
Everis Peru S.A.C,Everis Peru S.A.C.
Everis Peru S.A.C,Everis Peru Sac
Everis Peru S.A.C,Everis S.A
Everis Peru S.A.C,Everis S.A.
Everis Peru S.A.C,Everis S.A.C.
Everis Peru S.A.C,Neoris Peru S.A.C.
Everis Peru S.A.C.,Everis Peru Sac
Everis Peru S.A.C.,Everis S.A
Everis Peru S.A.C.,Everis S.A.
Everis Peru S.A.C.,Everis S.A.C.
Everis Peru S.A.C.,Neoris Peru S.A.C.
Everis Peru Sac,Everis Sac
Everis S.A,Everis S.A.
Everis S.A,Everis S.A.C.
Everis S.A,Everis Sac
Everis S.A.,Everis S.A.C.
Evol (Tsnet S.A.),Evol - Tsnet S.A.
Experian,Experian Peru
Experian,Experis
Experian Peru,Experis Peru
Experis,Experis Peru
Experis - Manpowergroup,Experis -Manpower Group
Experis - Manpowergroup,Experis Manpower
Experis - Manpowergroup,Experis Manpower Group
Experis -Manpower Group,Experis Manpower
Experis -Manpower Group,Experis Manpower Group
Experis Manpower,Experis Manpower Group
Expertia Travel,Expertia Travel Sac
Exxa Consulting,Page Consulting
Exxa Consulting,Tawa Consulting
Exxa Consulting,Ti Consulting
Exxa Consulting,Zat Consulting
Factor It,Factorit
Factor It,Vector It
Facturactiva,Facturactiva Del Peru
Fargoline S.A.,Freno S.A.
Farmacias Peruanas,Farmacias Peruanas - Intercorp
Farmacias Peruanas,Farmacias Peruanas S.A
Farmacias Peruanas,Farmacias Peruanas S.A.
Farmacias Peruanas S.A,Farmacias Peruanas S.A.
Ferreycorp S.A,Ferreyros S.A
Ferreycorp S.A,Ferreyros S.A.
Ferreyros,Ferreyros S.A
Ferreyros,Ferreyros S.A.
Ferreyros,Ferreyros Sa
Ferreyros S.A,Ferreyros S.A.
Ferreyros S.A,Ferreyros Sa
Ferreyros S.A.,Ferreyros Sa
Fesepsa,Fesepsa S.A
Financiera Confianza,Financiera Confianza S.A.A.
Financiera Credinka,Financiera Credinka S.A
Financiera Credinka,Financiera Crediscotia
Financiera Efectiva,Financiera Efectiva S.A.
Financiera Efectiva,Financiera Efectiva/Grupo Efe
Financiera Efectiva,Financiera Tfc
Financiera Efectiva S.A.,Financiera Tfc S.A
Financiera Oh,Financiera Tfc
Financiera Proempresa,Financiera Proempresa Sa
Financiera Tfc,Financiera Tfc S.A
Fondo Mivivienda,Fondo Mivivienda S.A.
Fortel,Fortel Bpo
Fortel Customer Experience,Fortel Customer Experience Bpo
Fractal,Fractalia
Fractal,Fractalup
Fractalia,Fractalia Peru
Fractalia,Fractalia S.A.C
Fractalia,Fractalup
Fractalia Peru,Fractalia Peru Sa
Free Lance,Freelance
Free Lance,Freelancer
Freelance,Freelance Azure
Freelance,Freelancer
Freelance,Freelancer.Com
Freelance,Frelance
Freelance Azure,Freelancer
Freelancer,Freelancer.Com
Freelancer,Frelance
Fridays Peru,Hias Peru
G3 Asociados,J/R Asociados
Gdm Peru Sac,Gfi Peru Sac
Gdm Peru Sac,Gta Peru Sac
Gea Peru,Gepae Peru
Gea Peru,Gilat Peru
Gea Peru,Goled Peru
Gea Peru,Refax Peru
Gestion De Servicios Compartidos,Gestion De Servicios Compartidos Sac
Gestion De Servicios Compartidos,Gestion De Servicios Compartidos Valtx
Gestion De Servicios Compartidos Sac,Gestion De Servicios Compartidos Valtx
Gestion Source,Gestionsource
Gewalt Peru Sac,Gta Peru Sac
Gfi Peru,Gfi Peru Sac
Gfi Peru,Gilat Peru
Gfi Peru Sac,Gfi Sac
Gfi Peru Sac,Gta Peru Sac
Gfi Peru Sac,Pil Peru Sac
Gilat Networking Peru,Gilat Networks Peru
Gilat Networking Peru,Gilat Networks Peru S.A.
Gilat Networks,Gilat Networks Peru
Gilat Networks,Gilat Networks Peru S.A.
Gilat Networks,Optical Network
Gilat Networks,Optical Networks
Gilat Networks Peru,Gilat Networks Peru S.A.
Gilat Peru,Globant Peru
Gilat Peru,Gtd Peru
Global Business Solution Sac,Global Business Solutions
Global Hitss,Global Hitss Peru
Global Hitss,Global Its
Global Hitss,Globalhitss
Global Hitss,Glolbal Hitss
Global Hitss (Grupo America Movil),Global Hitss - America Movil
Global Hitss - America Movil,Global Hitss - America Movil / Claro
Global Hitss Peru,Global Hitss Peru S.A.C.
Globalhitss,Glolbal Hitss
Globant,Globant Peru
Globant Peru,Globokas Peru
Globokas,Globokas Peru
Gloria S.A,Gloria S.A.
Gobierno Regional De Loreto,Gobierno Regional Del Callao
Gobierno Regional Del Callao,Gobierno Regional Pasco
Golden Investment,Golden Investment S.A
Grana Y Montero,Grana Y Montero Petrolera
Grupo Aje,Grupo Ast
Grupo Aje,Grupo Fe
Grupo Ast,Grupo Athos
Grupo Ast,Grupo Utp
Grupo Auna,Grupo Sura
Grupo C Peru Sac,Sr Group Peru Sac
Grupo Coril S.A.,Grupo Deltron S.A.
Grupo Coril S.A.,Grupo Kio S.A.C
Grupo Dalisa S.A.C,Grupo Gurkas S.A.C
Grupo Dalisa S.A.C,Grupo Kio S.A.C
Grupo Deltron,Grupo Deltron S.A.
Grupo Electrodata,Grupo Electrodata S.A.C.
Grupo Erca,Grupo Sura
Grupo Jlb,Grupo Jma
Grupo Palmas,Grupo Pana
Grupo Palmas,Grupo Paracas
Grupo Pana,Grupo Paracas
Grupo Pana,Grupo Planeta S.A.
Grupo Pana,Grupo San Pablo
Grupo Pana,Grupo Tawa
Grupo Rpp,Grupo Utp
Grupo San Pablo,Grupo San Pablo S.A.
Grupo Seidor,Grupo Seidor Peru
Grupo Stefanini,Stefanini
Grupo Utp,Grupoutp
Gs1 Peru,Gss - Peru
Gt Software,Phc Software
Gta Peru Sac,Soaint Peru Sac
H&Amp;E Consultores,Tpa Consultores
Hello Zum,Hellozum
Hewlett Packard,Hewlett-Packard
Hias Peru,Hitss Peru
Hias Peru,Sima Peru
High Service,High Servis
High Service International,High Service International Sac
High Talent Asociados S.A.C,High Talent Asoiciados
Hiper S.A.,Hiper Sa.
Hipermercados Tottus,Hipermercados Tottus S.A
Hitss Peru,Hitss Peru S.A.C
Hitss Peru,Hitss Peru S.A.C.
Hitss Peru,Hitss Peru Sac
Hitss Peru S.A.C,Hitss Peru S.A.C.
Hitss Peru S.A.C,Hitss Peru Sac
Hitss Peru S.A.C,Pss Peru S.A.C.
Hitss Peru S.A.C.,Hitss Peru Sac
Hitss Peru S.A.C.,Pss Peru S.A.C.
Hitss Peru S.A.C.,Sapimsa Peru S.A.C.
Hitss Peru Sac,Pss Peru Sac
Hundred,Hundred Sac
Hundred (Belcorp),Hundred / Belcorp
Hundred Consulting Sac,Tns Consulting Sac
Ibam,Ibm
Ibm Del Peru,Ibm Del Peru S.A.C.
Ibm Del Peru,Ibm Del Peru Sac
Ibm Del Peru,Ibm Del Peru Sac.
Ibm Del Peru S.A.C.,Ibm Del Peru Sac
Ibm Del Peru S.A.C.,Ibm Del Peru Sac.
Ibm Del Peru S.A.C.,Msl Del Peru S.A.C.
Ibm Del Peru S.A.C.,Sgs Del Peru S.A.C
Ibm Del Peru Sac,Ibm Del Peru Sac.
Ibm Peru,Ibm_Peru
Ibtgroup,Itgroup
Ice Solutions,Ide Solution
Ice Solutions,Itg Solutions
Ice Solutions,Key Solutions
Ice Solutions,Leira Solutions
Ice Solutions,T-Id Solutions
Ice Solutions,Tech Solutions
Ide Solution,Itg Solutions
Ide Solution,Key Solutions
Ide Solution,T-Id Solutions
Ids Consulting,Rsk Consulting
Ids Latam,Redbus Latam
Indra,Indra S.A
Indra Peru,Indra Peru S.A.
Indra Peru,Indra Peru Sac
Indra Peru S.A.,Indra Peru Sac
Indra Peru S.A.,Indra S.A
Industrias Dq,Industrias Teal
Industrias Sadare S.A.C,Industrias Triveca S.A.C
Inetum,Inetum Sac
Informatica Delta,Informatica Delta / Ripley S.A
Informatica Delta,Informatica Delta Sac
Ingram Micro,Ingram Micro S.A.C.
Innova Pucp,Innovapucp
Innovarit,Inovati
Inpe,Inpelsa
Instituto Cibertec,Instituto Libertador
Instituto Cimas,Instituto Superior Cimas
Instituto Nacional De Calidad,Instituto Nacional De Oftalmologia
Instituto Nacional De Estadistica (Ine),Instituto Nacional De Estadistica E Informatica
Instituto Superior Cimas,Instituto Superior Sise
Instituto Superior Cimas,Instituto Superior Tecsup
Instituto Superior Sise,Instituto Superior Tecsup
Intech Sa,Interoc Sa
Integrator S.A.C.,Integrator Sac
Intelec,Intelica
Intelica,Intelica Corp
Intelica,Intelidata
Intercorp Retail,Intercorpretail
Interfono Sac,Interoc Sa
Interseguro,Interseguros
Inventory Group Sac,Recovery Group Sac
Inversiones Karmont S.A.C.,Inversiones Kayser S.A.C
Inversiones Lamariel Sac,Inversiones Luteda Sac
Inversiones Luteda Sac,Inversiones Rentables Sac
Ipg Mediabrands,Mediabrands
Iq Project,Iq Project Sac
Iq Project,Iqproject
Isystems Sac,Qsystem Sac
It Consulting Corporation,It Consulting Corporation Sac
Italtel,Italtel Peru
Itg Solutions,Itg Solutions S.A.C
Itg Solutions,Itg Solutions Sac
Itg Solutions,T-Id Solutions
Itg Solutions,Target Solutions
Itg Solutions S.A.C,Itg Solutions Sac
Jfb Servicios Generales S.A.C.,Tac Servicios Generales S.A.C.
Jutmay Inversiones S.A.C.,Wych Inversiones S.A.C
Kaits Consulting,Kaits Consulting Sac
Kaits Consulting,Zat Consulting
Kallpa Generacion,Kallpa Generacion S.A
Key Solutions,Leira Solutions
Key Solutions,Tech Solutions
Komatsu - Mitsui,Komatsu - Mitsui Maquinarias
Komatsu - Mitsui,Komatsu Mitsui
Konecta,Konecta Bpo
Konecta,Konecta Bto
Konecta,Konecta Peru
Konecta Bpo,Konecta Bto
Kunaq & Asociados,Kunaq &Amp; Asociados
La Positiva,La Positiva Seguros
La Positiva Seguros,La Positiva Seguros Y Reaseguros
Laboratoria,Laboratorios Auna
Laboratoria,Laboratorios Precisa
Laboratoria,Laboratorios Qualab
Laboratoria,Laboratorios Smasac
Laboratorios Ac Farma S.A.,Laboratorios Frada S.A.C
Laboratorios Auna,Laboratorios Qualab
Laboratorios Auna,Laboratorios Smasac
Laboratorios Precisa,Laboratorios Smasac
Laboratorios Qualab,Laboratorios Smasac
Laive,Laive S.A
Lc Group Sac,Leading Group Sac
Le Cordon Bleu,Le Cordon Bleu Peru
Levapan Del Peru Sac,Loterias Del Peru Sac
Lima Caucho S.A,Lima Caucho S.A.
Los Portales,Los Portales S.A.
Los Portales,Los Portales Sa
Los Portales S.A.,Los Portales Sa
Lucha Partners,Lucha Partners S.A.C
Lumingo (Grupo El Comercio),Lumingo - Grupo El Comercio
Luz Del Sur,Luz Del Sur S.A.A
Luz Del Sur,Luz Del Sur S.A.A.
Luz Del Sur S.A.A,Luz Del Sur S.A.A.
Mab Peru,Maim Peru
Machen Peru S.A.C.,Tesacom Peru S.A.C.
Maim Peru,Sima Peru
Maim Peru,Wim Peru
Manpower,Manpower Peru
Manpower,Manpowergroup
Manpower Peru,Mapfre Peru
Manpower Professional,Manpower Professional Services
Manpower Professional,Manpower Professional Services S.A.
Manpower Professional Services,Manpower Professional Services S.A.
Manpower- Experis,Manpowergroup - Experis
Manpowergropup Peru,Manpowergroup
Manpowergroup,Manpowergroup - Experis
Mapfre Peru,Mapfre Peru Vida
Mas Soluciones Corredores De Seguros,Mas Soluciones Corredores De Seguros S.A.C.
Materia Gris,Materia Gris Sac
Mcg,Mcgc
Mdp Consulting,Mdp Consulting S.A
Mdp Consulting,Mdp Consulting S.A.C
Mdp Consulting,Mdp Consulting S.A.C.
Mdp Consulting,Mdp Consulting Sac
Mdp Consulting,Ti Consulting
Mdp Consulting,Zat Consulting
Mdp Consulting S.A,Mdp Consulting S.A.C
Mdp Consulting S.A,Mdp Consulting S.A.C.
Mdp Consulting S.A,Mdp Consulting Sac
Mdp Consulting S.A.C,Mdp Consulting S.A.C.
Mdp Consulting S.A.C,Mdp Consulting Sac
Mdp Consulting S.A.C,Tawa Consulting S.A.C.
Mdp Consulting S.A.C.,Mdp Consulting Sac
Mdp Consulting S.A.C.,Tawa Consulting S.A.C.
Mdp Consulting Sac,Tawa Consulting Sac.
Media Network,Media Networks
Media Networks,Mego Networks
Mediabyte,Mediabyte S.A.C
Mediabyte,Mediabyte Sac
Mediabyte S.A.C,Mediabyte Sac
Mi Banco,Mibanco
Michael Page,Michael Page Para Abb
Millenials Med,Millennials Med
Millennial,Millennials Med
Mincetur,Mincetur S.A.
Mincetur S.A.,Mistr S.A.
Ministerio De Desarrollo E Inclusion Social,Ministerio De Desarrollo E Inclusion Social - Pn Pais
Ministerio De Educacion,Ministerio De Salud
Ministerio De La Mujer,Ministerio De Salud
Ministerio De Salud,Ministerio De Salud Del Peru
Ministerio De Trabajo,Ministerio Del Trabajo
Ministerio De Transporte Y Comunicaciones,Ministerio De Transporte Y Telecomunicaciones
Ministerio De Transporte Y Comunicaciones,Ministerio De Trnasporte Y Comunicaciones
Ministerio De Transporte Y Telecomunicaciones,Ministerio De Trnasporte Y Comunicaciones
Ministerio De Vivienda Construccion Y Saneamiento,"Ministerio De Vivienda, Construccion Y Saneamiento"
Ministerio Produccion,Ministerio Publico
Mision Tecnologica Canal Hp,Mision Tecnologica Sac
Mobil Bus,Movil Bus.
Msl Del Peru S.A.C.,Sgs Del Peru S.A.C
Mtc Servicios Generales,Tac Servicios Generales S.A.C.
Municialidad Metropolitana De Lima,Municipalidad Metropolitana De Lima
Municipalidad De Bellavista,Municipalidad De Lima
Municipalidad De Carabayllo,Municipalidad De Chanchamayo
Municipalidad De Carabayllo,Municipalidad De Chorrillos
Municipalidad De La Molina,Municipalidad De La Punta
Municipalidad De La Molina,Municipalidad De Lima
Municipalidad De La Molina,Municipalidad De San Isidro
Municipalidad De La Molina,Municipalidad Metropolitana De Lima
Municipalidad De La Punta,Municipalidad De Lima
Municipalidad De La Punta,Municipalidad De Punta Hermosa
Municipalidad De La Punta,Municipalidad Pucusana
Municipalidad De Lima,Municipalidad De San Isidro
Municipalidad De San Isidro,Municipalidad De San Martin De Porres
Municipalidad De San Isidro,Municipalidad De San Sebastian
Municipalidad Distrital Caleta De Carquin,Municipalidad Distrital De Bellavista
Municipalidad Distrital Caleta De Carquin,Municipalidad Distrital De Chaclacayo
Municipalidad Distrital Caleta De Carquin,Municipalidad Distrital De Miguel Checa
Municipalidad Distrital Caleta De Carquin,Municipalidad Distrital De Nepena
Municipalidad Distrital Caleta De Carquin,Municipalidad Distrital De Paracas
Municipalidad Distrital Caleta De Carquin,Municipalidad Distrital De Ventanilla
Municipalidad Distrital De Bellavista,Municipalidad Distrital De Chaclacayo
Municipalidad Distrital De Bellavista,Municipalidad Distrital De Comas
Municipalidad Distrital De Bellavista,Municipalidad Distrital De Huanchaco
Municipalidad Distrital De Bellavista,Municipalidad Distrital De Miguel Checa
Municipalidad Distrital De Bellavista,Municipalidad Distrital De Nepena
Municipalidad Distrital De Bellavista,Municipalidad Distrital De Pachacamac
Municipalidad Distrital De Bellavista,Municipalidad Distrital De Paracas
Municipalidad Distrital De Bellavista,Municipalidad Distrital De Ventanilla
Municipalidad Distrital De Bellavista,Municipalidad Distritial De Bellavista
Municipalidad Distrital De Carmen De La Legua,Municipalidad Distrital De Comas
Municipalidad Distrital De Carmen De La Legua,Municipalidad Distrital De Miguel Checa
Municipalidad Distrital De Carmen De La Legua,Municipalidad Distrital De Nepena
Municipalidad Distrital De Carmen De La Legua,Municipalidad Distrital De Paracas
Municipalidad Distrital De Chaclacayo,Municipalidad Distrital De Comas
Municipalidad Distrital De Chaclacayo,Municipalidad Distrital De Huanchaco
Municipalidad Distrital De Chaclacayo,Municipalidad Distrital De Miguel Checa
Municipalidad Distrital De Chaclacayo,Municipalidad Distrital De Nepena
Municipalidad Distrital De Chaclacayo,Municipalidad Distrital De Pachacamac
Municipalidad Distrital De Chaclacayo,Municipalidad Distrital De Paracas
Municipalidad Distrital De Chaclacayo,Municipalidad Distrital De Ventanilla
Municipalidad Distrital De Chaclacayo,Municipalidad Distritial De Bellavista
Municipalidad Distrital De Comas,Municipalidad Distrital De Huanchaco
Municipalidad Distrital De Comas,Municipalidad Distrital De Miguel Checa
Municipalidad Distrital De Comas,Municipalidad Distrital De Nepena
Municipalidad Distrital De Comas,Municipalidad Distrital De Pachacamac
Municipalidad Distrital De Comas,Municipalidad Distrital De Paracas
Municipalidad Distrital De Comas,Municipalidad Distrital De Ventanilla
Municipalidad Distrital De Comas,Municipalidad Distritial De Bellavista
Municipalidad Distrital De Huanchaco,Municipalidad Distrital De Miguel Checa
Municipalidad Distrital De Huanchaco,Municipalidad Distrital De Nepena
Municipalidad Distrital De Huanchaco,Municipalidad Distrital De Pachacamac
Municipalidad Distrital De Huanchaco,Municipalidad Distrital De Paracas
Municipalidad Distrital De Huanchaco,Municipalidad Distrital De Ventanilla
Municipalidad Distrital De Huanchaco,Municipalidad Distritial De Bellavista
Municipalidad Distrital De Miguel Checa,Municipalidad Distrital De Nepena
Municipalidad Distrital De Miguel Checa,Municipalidad Distrital De Paracas
Municipalidad Distrital De Miguel Checa,Municipalidad Distrital De Ventanilla
Municipalidad Distrital De Nepena,Municipalidad Distrital De Pachacamac
Municipalidad Distrital De Nepena,Municipalidad Distrital De Paracas
Municipalidad Distrital De Nepena,Municipalidad Distrital De Ventanilla
Municipalidad Distrital De Nepena,Municipalidad Distritial De Bellavista
Municipalidad Distrital De Pachacamac,Municipalidad Distrital De Paracas
Municipalidad Distrital De Pachacamac,Municipalidad Distrital De Ventanilla
Municipalidad Distrital De Paracas,Municipalidad Distrital De Ventanilla
Municipalidad Distrital De Paracas,Municipalidad Distritial De Bellavista
Municipalidad Distrital De Ventanilla,Municipalidad Distritial De Bellavista
Municipalidad Provincial De Cajamarca,Municipalidad Provincial De Chincheros
Municipalidad Provincial De Cajamarca,Municipalidad Provincial De Huaraz
Municipalidad Provincial De Cajamarca,Municipalidad Provincial Del Callao
Municipalidad Provincial De Chincheros,Municipalidad Provincial De Huaraz
Municipalidad Provincial De Chincheros,Municipalidad Provincial Del Callao
Municipalidad Provincial De Chincheros,Municipalidad Provincial Jorge Basadre
Municipalidad Provincial De Huaraz,Municipalidad Provincial Del Callao
Municipalidad Provincial De Huaraz,Municipalidad Provincial Jorge Basadre
Municipalidad Provincial Del Callao,Municipalidad Provincial Jorge Basadre
Nearshore Peru S.A.C.,Neoris Peru S.A.C.
New Control,Web Control
New Digital Partners,New Digital Partners S.A.C.
Noatum Logistics Peru Inc. S.R.L - Sede Latam,Noatum Logistics Peru Inc. S.R.L.
Novopan Peru Sac,Soaint Peru Sac
Ntt Data,Ntt Data Sac
Ntt Data,Ntt Data- Peru
Ntt Data,Nttdata
Ntt Data Peru S.A.C.,"Ntt Data Peru, S.A.C."
Ntt Data Peru S.A.C.,Ntt Data- Peru
Ntt Data Peru S.A.C.,Nttdata Peru S.A.C
Nttdata,Nttdata Peru
Nttdata Peru,Nttdata Peru S.A.C
Nuovo Profil,Nuovo Profil S.A.C
Oceano Consulting Sac,Tns Consulting Sac
Oficina Nacional De Procesos Electorales,Oficina Nacional De Procesos Electorales (Onpe)
Oficina Nacional De Procesos Electorales,Oficina Nacional De Procesos Electorales - Onpe
Oficina Nacional De Procesos Electorales,Oficina Nacional De Procesos Electorales - Ref2018
Oficina Nacional De Procesos Electorales (Onpe),Oficina Nacional De Procesos Electorales - Onpe
Oficina Nacional De Procesos Electorales (Onpe),Oficina Nacional De Procesos Electorales - Ref2018
Oficina Nacional De Procesos Electorales - Onpe,Oficina Nacional De Procesos Electorales - Ref2018
Onp,Onpe
Optical Network,Optical Network (Win)
Optical Network,Optical Networks
Optical Network (Win),Optical Networks
Overall Business,Overall Business S.A.
Overall Strategy,Overall Strategy Sac
Pacifico Seguros,Pacifico Seguros Y Reaseguros
Pacifico Seguros,Pacificos Seguros
Page Consulting,Page Consulting - Ibm
Page Consulting,Pradera Consulting
Page Consulting,Tawa Consulting
Page Consulting,Ti Consulting
Page Consulting,Zat Consulting
Peru Apps,Peruapps
Peruana De Moldeados S.A.,Peruana De Moldeados S.A. (Pamolsa)
Petroperu,Petroperu S.A.
Petroperu,Promperu
Pex Peru,Place Peru
Pex Peru,Refax Peru
Phc Software,Phc Software Peru Sac
Pil Peru Sac,Pss Peru Sac
Platino 24 7,Platino247
Playwith Latin America,Playwith Latin America Sac
Poder Judicial,Poder Judicial Del Peru
Policia Nacional Del Peru,Policia Nacional Del Peru Dirandro
Practia Consulting,Practia Consulting S.A.C
Practia Consulting,Pradera Consulting
Pradera Consulting,Tawa Consulting
Presidencia De Consejo De Ministros,Presidencia De Consejo De Ministros -Pcm
Primax Peru,Sima Peru
Procesos De Medios De Pago,Procesos De Medios De Pago S.A. - Izipay
Procesos De Medios De Pago,Procesos De Medios De Pago S.A.C - Izipay
Procesos De Medios De Pago S.A. - Izipay,Procesos De Medios De Pago S.A.C - Izipay
Prodac,Prodac Sa
Programa Nacional De Centros Juveniles,Programa Nacional De Centros Juveniles Pronaseg
Prosegur,Proseguridar
Prosegur Tecnologia,Prosegur Tecnologia S.A.
Protecso,Proyectos
Protiviti,Protiviti Peru
Protiviti Member Firm,Protiviti Member Firme Peru Sac
Proyecto Personal,Proyectos Ti - Personales
Pss Peru S.A.C.,Pss S.A.C.
Qds - Group,Qds Group
Qsystem,Qsystem Sac
Quimicos Goicochea S.A.C,Quimicos Goicochea S.A.C.
R&Amp;C Asesores Sac,R&C Asesores Sac
Real Systems,Real Systems S.A
Real Systems,Real Systems S.A.
Real Systems,Real Systems Sa
Real Systems,Royal Systems
Real Systems S.A,Real Systems S.A.
Real Systems S.A,Real Systems Sa
Real Systems S.A.,Real Systems Sa
Renzo Costa,Renzo Costa Sac
Reparto Peru S.A.C,Sonepar Peru S.A.C
Representaciones Rodul S.A.C.,Representaciones Techlab S.A.C
Repsol,Repsol Sa
Ripley,Ripley S.A
Roldem Peru S.A.C.,Sodexo Peru S.A.C.
Roldem Peru S.A.C.,Tesacom Peru S.A.C.
Rx Tecompany,Rxtecompany
San Fernando,San Fernando S.A.
San Fernando,San Fernando Sa
San Fernando,San Gerardo
San Fernando S.A.,San Fernando Sa
Sanilab International,Yanbal International
Santa Elena,Santa Elena - Avinka
Sapia,Sapia Sa
Satelital Telecomunicaciones,Satelital Telecomunicaciones Sac
Scotiabank,Scotiabank Peru
Scotiabank Del Peru,Scotiabank Peru
Scotiabank Peru,Scotiabank Peru S.A.A.
Securitas S.A.C.,Segursat S.A.C
Securitas S.A.C.,Seratic S.A.C
Segursat S.A.C,Seratic S.A.C
Servicio Call Center Entel Peru,Servicios Call Center Del Peru
Servicios Call Center Del Peru,Servicios De Call Center
Sgs Del Peru,Sgs Del Peru S.A.C
Sgs Del Peru S.A.C,Sonda Del Peru S.A
Sgs Del Peru S.A.C,Sonda Del Peru S.A.
Sima Peru,Sodimac Peru
Sima Peru,Wim Peru
Siscotec Peru S.A.C.,Sodexo Peru S.A.C.
Sispro Sac,Soprin Sac
Sociedad Minera Corona,Sociedad Minera Corona Sa
Sodexo Peru S.A.C.,Sodexo Peru Sac
Sodimac,Sodimac Peru
Software Enterprise Services,Sofware Enterprise Services
Solgas S.A.,Solla S.A
Soluciones Ha,Soluciones M4G
Sonda Del Peru,Sonda Del Peru S.A
Sonda Del Peru,Sonda Del Peru S.A.
Sonda Del Peru S.A,Sonda Del Peru S.A.
Sonepar Peru S.A.C,Sonepar Peru Sa
St Computacion,St Computacion S.A.C.
Stefanini,Stefanini Group
Stefanini,Stefanini Peru
Stefanini Group,Stefanini Peru
Suiza Lab,Suizalab
Sunat,Sungate
Super Mercados Peruanos,Supermecados Peruanos
Super Mercados Peruanos,Supermercados Peruanos
Superintendencia De Banca Y Seguros Afp,"Superintendencia De Banca, Seguros Y Afp"
Superintendencia Nacional De Migraciones,Superintendencia Nacional De Registros Publicos
Superintendencia Nacional De Migraciones,Superintendencia Nacional De Servicios De Saneamiento
Supermecados Peruanos,Supermercados Peruanos
Supermecados Peruanos,Supermercados Peruanos S.A
Supermecados Peruanos,Supermercados Peruanos Sa
Supermercados Peruanos,Supermercados Peruanos S.A
Supermercados Peruanos,Supermercados Peruanos Sa
Supermercados Peruanos,"Supermercados Peruanos, Plaza Vea"
Supermercados Peruanos S.A,Supermercados Peruanos Sa
Supermercados Peruanos S.A,"Supermercados Peruanos, Plaza Vea"
Supermercados Peruanos Sa,"Supermercados Peruanos, Plaza Vea"
System Support &Amp; Services,System Support And Service
System Support &Amp; Services,System Support&Amp;Service
System Support &Amp; Services,Systems Support &Amp; Services S.A
System Support And Service,System Support&Amp;Service
System Support And Service,Systems Support &Amp; Services S.A
System Support&Amp;Service,Systems Support &Amp; Services S.A
T-Gestiona,Tgestiona
T-Id Solutions,Tech Solutions
Tadcon,Tradicion
Tai Loy,Tai Loy S.A
Talma Servicios Aeroportuarios,Talma Servicios Aeroportuarios S.A
Target Marketing,Tellstar Marketing
Tata Consultacy Service,Tata Consultancy Services
Tata Consultacy Service,Tata Consultancy Services - Tcs
Tata Consultacy Service,Tata Consulting Service
Tata Consultacy Service,Tata Consulting Services
Tata Consultancy Services,Tata Consultancy Services - Tcs
Tata Consultancy Services,Tata Consulting Service
Tata Consultancy Services,Tata Consulting Services
Tata Consultancy Services,Tata Consulting Services / Bcp
Tata Consultancy Services - Tcs,Tata Consulting Services
Tata Consulting Service,Tata Consulting Services
Tata Consulting Service,Tata Consulting Services / Bcp
Tata Consulting Services,Tata Consulting Services / Bcp
Tawa Consulting,Tawa Consulting S.A.C.
Tawa Consulting,Tawa Consulting Sac.
Tawa Consulting,Ti Consulting
Tawa Consulting,Zat Consulting
Tawa Consulting S.A.C.,Tawa Consulting Sac.
Tcontakto,Tcontakto Sac
Teamsoft,Teamsoft Sac
Teamsoft,Tsoft
Tec4,Tec4Biz
Tech Mahindra,Techmahindra
Tech Solutions,Tech Solutions Peru
Techo Peru,Touch Peru
Tecnicas Cp,Tecnicas Cp Sac
Tecnologica De Alimentos S.A,Tecnologica De Alimentos S.A.
Tecsur S.A,Tecsur S.A.
Telefonica,Telefonica S.A.
Telefonica,Telefonica Tech
Telefonica Del Peru,Telefonica Del Peru - Tech
Telefonica Del Peru,Telefonica Del Peru S.A.A.
Telefonica Del Peru,Telefonica Del Peru Saa
Telefonica Del Peru - Rio Pacifico S.A.C.,Telefonica Del Peru S.A.A.
Telefonica Del Peru - Tech,Telefonica Del Peru Saa
Telefonica Del Peru S.A.A.,Telefonica Del Peru Saa
Telefonica Del Peru S.A.A.,Telefonica S.A.
Telefonica Ingenieria De La Seguridad,Telefonica Ingenieria De Seguridad
Telefonica Ingenieria De La Seguridad,Telefonica Ingenieria De Seguridad - Tis
Telefonica Ingenieria De La Seguridad,Telefonica Ingenieria De Seguridad S.A.
Telefonica Ingenieria De Seguridad,Telefonica Ingenieria De Seguridad - Tis
Telefonica Ingenieria De Seguridad,Telefonica Ingenieria De Seguridad S.A.
Telefonica Ingenieria De Seguridad - Tis,Telefonica Ingenieria De Seguridad S.A.
Textiles Camones,Textiles Camones S.A.
Textiles Camones,Textiles Camones Sa
Textiles Camones S.A.,Textiles Camones Sa
Tgestiona,Tgestiona Sac
The Factory Hka,The Factory Hka Peru
Ti Consulting,Zat Consulting
Tiendas De Mejoramiento Del Hogar Sac,Tiendas De Mejoramiento Del Hogar Sodimac
Tolouse Lautrec,Toulouse Lautrec
Tomocorp,Tomocorp Sac
Top Strategic Sac,Topstrategic
Topestrategic,Topstrategic
Tottus,Tottus Sa
Transportes Edatur,Transportes Grau Otros
Trazzo Iluminacion,Trazzo Iluminacion Sac
Trupal S.A,Trupal S.A.
Ugel 03,Ugel 05
Universidad Alas Peruanas,Universidad Alas Peruanas Sa
Universidad Alas Peruanas,Universidad De Piura
Universidad Cientifica Del Sur,Universidad Cientifica Del Sur S.A.C
Universidad De Ciencias Aplicadas,Universidad De Ciencias Aplicadas (Upc)
Universidad De Ciencias Aplicadas,Universidad De Ciencias Y Humanidades
Universidad De Ciencias Aplicadas (Upc),Universidad Peruana De Ciencias Aplicadas(Upc)
Universidad De Lambayeque,Universidad De Lima
Universidad De Las Americas,Universidad De Lima
Universidad De Lima,Universidad De Piura
Universidad De Piura,Universidad Del Pacifico
Universidad De San Martin De Porres,Universidad San Martin De Porres
Universidad Del Pacifico,Universidad Pacifico
Universidad Esan,Universidad Upc
Universidad Nacional Atonoma De Chota,Universidad Nacional Autonoma De Chota
Universidad Nacional Atonoma De Chota,Universidad Nacional Del Callao
Universidad Nacional Del Callao,Universidad Nacional Federico Villarreal
Universidad Peruana De Ciencias Aplicadas,Universidad Peruana De Ciencias Aplicadas (Upc)
Universidad Peruana De Ciencias Aplicadas,Universidad Peruana De Ciencias Aplicadas - Upc
Universidad Peruana De Ciencias Aplicadas,Universidad Peruana De Ciencias Aplicadas(Upc)
Universidad Peruana De Ciencias Aplicadas (Upc),Universidad Peruana De Ciencias Aplicadas - Upc
Universidad Peruana De Ciencias Aplicadas (Upc),Universidad Peruana De Ciencias Aplicadas(Upc)
Universidad Peruana De Ciencias Aplicadas - Upc,Universidad Peruana De Ciencias Aplicadas(Upc)
Universidad Privada Del Norte,Universidad Privada Del Norte Sac
Universidad Privada Del Norte,Universidad Privada Norbert Wiener
Universidad Privada Del Norte,Universidad Privada Norbet Wiener
Universidad Privada Norbert Wiener,Universidad Privada Norbert Wiener S.A.
Universidad Privada Norbert Wiener,Universidad Privada Norbet Wiener
Universidad Privada Norbert Wiener S.A.,Universidad Privada Norbet Wiener
Universidad San Ignacio De Loyola,Universidad San Ignacio De Loyola - Usil
Universidad San Martin De Porres,Universidad San Martin De Porres - Uva
Universidad Tecnologica Del Peru,Universidad Tecnologica Del Peru S.A.C
Unmsm,Unmsm Sum
Untels,Utel
Valtx (Ex T-Gestiona),Valtx / Tgestiona
Vertiv,Vertiv Co
Viettel Peru S.A.C,Viettel Peru S.A.C.
Viettel Peru S.A.C,Viettel Peru S.A.C. | Bitel
Viettel Peru S.A.C,Viettel Peru Sac
Viettel Peru S.A.C.,Viettel Peru S.A.C. | Bitel
Viettel Peru S.A.C.,Viettel Peru Sac
Viettel Peru S.A.C. | Bitel,Viettel Peru Sac - Bitel
Viettel Peru Sac,Viettel Peru Sac - Bitel
Visanet,Visanet S.A
Visual Soft S.A.C.,Visualsoft S. A. C.
Visual Soft S.A.C.,Visualsoft S.A.C.
Visualsoft S. A. C.,Visualsoft S.A.C.
Webhelp,Webhelp Peru
Worki 360,Worki360
Wt Sourcing Peru,Wts Sourcing Peru
Xirect Software Solution,Xirect Software Solutions
Yanbal International,Yanbal International - Unique
Zoluxiones,Zoluxiones S.A.C
Zoluxiones,Zoluxiones S.A.C.
Zoluxiones,Zoluxiones Sac
Zoluxiones S.A.C,Zoluxiones S.A.C.
Zoluxiones S.A.C,Zoluxiones Sac
Zoluxiones S.A.C.,Zoluxiones Sac
